2.5149,-1.4148,1
-1.2178,-1.9174,1
-1.7981,-1.8367,1
4.875,1.0889,1
0.98594,-3.681,1
-1.5378,-3.207,1
1.7819,-1.5176,1
4.4709,2.3884,1
1.0777,-1.7083,1
0.87975,-1.7766,1
3.7753,3.0688,1
2.6369,-0.30907,1
-1.2021,-4.7163,1
0.51374,-0.49207,1
-0.93641,-4.6568,1
2.508,-0.57792,1
-0.32789,-0.010467,1
1.76,0.91308,1
-2.6156,-1.5416,1
0.19779,0.22766,1
3.5768,-0.86618,1
2.0042,-1.6223,1
1.5662,-2.2649,1
1.3512,1.3118,1
2.9236,0.39639,1
0.87875,-1.9071,1
-0.44254,-0.20992,1
0.12307,-1.2191,1
-0.43401,-2.2512,1
2.3147,-0.5283,1
-1.1128,-0.17847,1
3.607,0.21737,1
5.0255,3.7859,1
1.5678,-0.36533,1
4.9787,1.4459,1
-1.1877,-1.4971,1
-0.74481,-3.0132,1
-0.53916,-3.6303,1
1.1612,1.8702,1
0.65836,1.6717,1
3.6991,0.19066,1
0.83988,-0.22957,1
3.3346,-1.265,1
2.468,1.2755,1
0.57486,-0.41306,1
0.26768,-3.4656,1
2.4529,-3.2129,1
1.573,-0.55885,1
0.82894,0.35579,1
0.71072,-2.6195,1
1.2168,-0.31898,1
1.6246,-0.90132,1
-2.5379,-0.92377,1
4.9913,-0.51663,1
1.9595,-0.36647,1
4.2863,0.12761,1
-2.7894,-1.6216,1
1.0544,-1.7429,1
4.1659,0.18608,1
-0.61785,-2.1332,1
0.14301,-2.5803,1
2.8941,2.423,1
-1.1851,-1.6733,1
2.1988,-1.9149,1
0.81757,1.2284,1
1.7172,0.25794,1
6.4017,1.0903,1
0.51775,-0.15847,1
5.9198,1.927,1
-0.19565,-4.1796,1
0.26814,0.13547,1
-1.1605,-0.57156,1
-0.16839,-3.8921,1
0.39961,-2.0783,1
-0.3137,-3.3903,1
2.3513,0.035138,1
1.8958,1.89,1
-1.5565,-3.7639,1
1.1294,0.46614,1
2.8401,1.2837,1
1.3343,0.11605,1
-1.768,-2.4371,1
2.2238,-0.71562,1
-1.1307,2.4571,1
-0.065668,-3.806,1
2.1584,-0.67919,1
3.0192,-1.7378,1
1.4914,0.57329,1
4.0932,0.20012,1
-1.7801,-1.0991,1
-1.8808,-7.0421,1
2.5818,2.3535,1
2.8977,0.45904,1
3.1833,0.74585,1
0.6132,-1.4822,1
1.9362,-3.3651,1
1.0134,-3.6116,1
1.5361,-0.070121,1
2.154,0.92133,1
1.7559,-3.7883,1
-0.34238,-1.3954,1
1.407,-2.0922,1
-2.7318,-0.13558,1
-2.02,-6.5083,1
2.2059,-0.3923,1
2.423,-0.91029,1
-0.89074,-5.3933,1
-2.5834,-2.2317,1
1.2157,-0.71513,1
1.4268,1.2398,1
-0.86614,-1.2675,1
-0.26414,-0.51156,1
-5.2552,-2.4807,1
-1.1547,-0.49242,1
1.7253,-0.17478,1
0.61105,-1.6199,1
1.3406,-1.6986,1
6.1695,1.2339,1
-1.4082,-0.60664,1
-2.3458,-3.9658,1
1.1041,0.16863,1
1.834,-0.6376,1
-0.46719,1.456,1
4.8713,2.0099,1
-0.066097,-2.7738,1
-0.050695,0.85965,1
0.42461,-2.6401,1
1.4234,-0.96196,1
0.96636,-2.5385,1
-0.12423,-2.5718,1
-1.2079,0.21383,1
0.54596,-2.1981,1
3.2526,0.62007,1
0.62783,0.24293,1
0.54415,-2.3016,1
2.0365,-2.3271,1
3.1541,-1.8502,1
3.944,0.76005,1
3.4109,3.0129,1
1.0795,-1.064,1
-2.954,-3.3701,1
1.7516,1.4832,1
3.7024,-1.4901,1
-0.14377,-4.1035,1
3.2351,1.5052,1
-2.1364,-2.7003,1
-1.6795,-3.2321,1
-1.3,-4.0689,1
-0.79264,-0.59202,1
4.2553,-0.34985,1
-1.3647,-3.9653,1
1.3812,-2.241,1
0.54356,-1.5186,1
1.9337,0.62168,1
1.1507,-1.9149,1
0.003917,-1.2578,1
1.563,-3.3746,1
3.3326,-0.20193,1
-0.00061887,-3.0298,1
1.2212,-1.5564,1
1.1434,-5.3915,1
0.34864,-0.64619,1
-2.4939,-0.55566,1
-2.1096,-5.4149,1
1.0144,-0.84196,1
2.4091,0.93047,1
-1.0777,-1.5207,1
6.6093,0.042028,1
-0.0646,-1.9727,1
1.4117,-3.384,1
1.6282,0.85995,1
1.2142,-0.56381,1
2.4644,-3.6911,1
1.5587,-2.402,1
0.83731,-0.50081,1
-1.2949,-0.9551,1
0.054544,-1.9675,1
1.0842,-1.3584,1
1.3981,-2.5016,1
3.1796,-2.5923,1
-0.058318,1.0764,1
-3.2044,-6.5586,1
-1.9756,-4.9673,1
1.6552,-0.63694,1
-1.448,0.014174,1
3.4873,-2.0957,1
1.1596,-3.62,1
0.77765,-2.8724,1
-0.79562,-2.226,1
2.9515,-1.745,1
0.041166,0.2254,1
1.4164,0.52014,1
0.21979,-3.3941,1
1.4798,-2.6087,1
1.6237,0.22852,1
-0.26822,-2.3705,1
0.88822,-2.6865,1
2.2936,0.37434,1
-3.9013,-3.3111,1
0.48514,-1.412,1
1.1539,-3.1123,1
2.2857,1.2823,1
2.3263,-1.7469,1
2.3782,-1.7496,1
0.89325,-1.6058,1
-0.42641,-0.82922,1
1.8195,-3.0484,1
2.0999,1.2469,1
-0.32217,0.6455,1
0.73966,-2.5684,1
-0.44417,-1.7575,1
1.7367,-1.2078,1
-1.4166,0.059976,1
-0.024756,-1.3011,1
1.7802,0.63937,1
3.7471,1.1169,1
-0.32818,-3.4702,1
1.2762,-0.53497,1
-0.57403,2.0015,1
3.3432,-1.3262,1
0.56926,-4.3215,1
3.2,-4.0881,1
-1.0541,-4.1838,1
3.3957,0.65002,1
-2.1189,-0.12676,1
0.93332,-0.58013,1
0.63,-3.1727,1
1.9426,-0.075154,1
-0.94082,-3.6496,1
5.5235,1.2977,1
-0.17293,-3.9066,1
0.17928,1.2998,1
1.9791,-1.3925,1
0.29849,-0.97917,1
3.7206,1.8406,1
2.7314,1.8342,1
0.90644,0.017433,1
-1.3893,-1.612,1
0.46619,-0.50129,1
0.2665,-1.479,1
1.576,-0.28181,1
-2.835,-4.4802,1
-2.493,-1.3559,1
-3.2283,-3.7212,1
5.0073,2.929,1
4.3551,1.2479,1
-0.27677,-2.2207,1
0.4317,-1.4706,1
-0.73926,-0.048367,1
1.2496,1.2826,1
1.0837,1.1556,1
-0.41828,-2.5573,1
-1.6779,-0.64092,1
2.3495,2.2856,1
2.0342,-0.049364,1
2.9909,0.13135,1
0.26877,-0.48588,1
2.3615,1.246,1
4.9657,0.92525,1
2.0386,1.8624,1
3.3958,0.10364,1
-1.9408,-3.7023,1
0.72564,1.4769,1
-1.6648,-1.0766,1
-1.2162,-1.734,1
0.92053,-2.5937,1
2.4222,0.12671,1
-3.8575,-2.6082,1
-4.2468,-5.5287,1
3.0367,4.2783,1
-1.3525,-0.69566,1
0.57733,-1.3048,1
3.623,-0.41695,1
1.2881,-3.6323,1
1.6755,-0.91429,1
1.4821,-1.5768,1
0.49081,0.24463,1
-2.2925,-3.9955,1
-0.30686,-0.54788,1
0.65078,0.36764,1
-0.70794,-0.027325,1
2.1106,-1.2776,1
5.8445,3.4477,1
1.6592,-0.13987,1
3.7471,2.6119,1
0.17246,-2.5837,1
1.8866,-2.3601,1
-2.3845,-5.0404,1
0.57642,-1.071,1
5.3897,2.8641,1
3.3699,0.42476,1
-0.90718,-0.16837,1
-3.7855,-3.0498,1
-1.7706,-2.8977,1
7.6999,1.0631,1
2.0632,0.062663,1
0.40202,0.77073,1
2.1304,0.93281,1
2.1367,0.26175,1
1.3366,0.19946,1
-1.0444,-4.5108,1
2.3993,-0.75585,1
1.5467,0.27355,1
-0.80931,1.6095,1
-0.84107,0.6128,1
3.6813,-0.20206,1
3.3871,0.14414,1
3.2485,1.4848,1
5.1729,4.326,1
-1.1303,-0.15262,1
-0.61605,-2.4309,1
1.7258,-0.061408,1
2.0812,1.8406,1
3.9259,1.0266,1
3.5297,-0.010405,1
3.2897,0.1751,1
-1.569,-1.5856,1
-0.45729,-3.9215,1
0.043473,-1.7773,1
-0.06437,-0.34139,1
-1.764,-3.8099,1
-2.1561,-0.96453,1
-1.9319,-4.0558,1
2.6577,1.0635,1
-0.77416,-3.4662,1
-0.51453,-3.9793,1
1.7108,-1.2563,1
-1.2661,-3.3462,1
0.70527,1.4546,1
0.647,0.0027196,1
-1.9371,-3.7566,1
4.613,0.34884,1
-3.3475,-2.0521,1
1.1373,0.56453,1
2.2973,0.34417,1
-1.5528,-2.795,1
2.5419,3.1218,1
-2.221,-2.547,1
1.9826,-0.52291,1
-2.1074,-0.44904,1
-2.3952,-3.7803,1
3.7681,1.8373,1
4.613,-0.35269,1
2.3115,3.1966,1
-2.6421,-1.2251,1
3.3125,0.89472,1
1.3615,-1.2218,1
-3.977,-5.0759,1
-0.00026092,-1.2872,1
5.0333,0.37334,1
2.5142,-2.0211,1
0.37696,0.025753,1
-1.1096,-0.5328,1
4.5042,-0.79437,1
-0.066249,0.33452,1
-2.9594,-0.93616,1
-2.1613,-1.6399,1
1.2202,-0.91407,1
-1.4663,-5.3489,1
-0.72791,2.7845,1
-1.2876,-1.2845,1
4.3413,0.83224,1
-1.5055,-2.4438,1
3.0707,-1.6553,1
1.7792,0.20848,1
0.98899,0.24257,1
1.8121,-1.0323,1
1.8144,-0.4733,1
-1.5783,-1.2361,1
2.1965,-0.66023,1
-1.7374,-2.589,1
1.6304,0.99097,1
-2.4301,-2.6405,1
1.2398,0.074946,1
0.35084,0.9179,1
0.99936,-2.3389,1
1.3255,-0.94315,1
5.4438,0.18087,1
0.28693,-0.77586,1
4.0206,2.0046,1
-1.8749,-0.58352,1
3.2212,1.3234,1
-1.7649,-2.7257,1
-0.62111,0.33222,1
1.908,-2.2615,1
-1.9718,-3.6197,1
2.2427,-3.2914,1
2.4529,0.81719,1
-2.0213,-1.6157,1
2.3238,0.72861,1
-0.63323,-1.6269,1
1.9994,-0.40893,1
2.4933,0.45091,1
0.95423,1.2945,1
3.6433,3.5979,1
4.8264,0.48838,1
-1.4571,-1.5856,1
-0.96199,-2.1871,1
-0.67783,-2.8834,1
-1.1042,1.3123,1
2.1276,-0.54745,1
0.71425,0.60642,1
1.5899,-2.4904,1
3.3458,2.3051,1
4.478,1.5799,1
0.021582,-1.1035,1
1.9064,-2.9321,1
-0.72347,-0.82253,1
0.55287,-1.5579,1
0.98419,-0.7009,1
1.5986,-3.4884,1
1.2324,-1.2324,1
0.81255,-4.0113,1
1.3426,-1.1095,1
3.1486,-1.4062,1
1.1364,-0.37398,1
0.43176,-1.9618,1
1.7886,-0.92313,1
2.2168,2.1278,1
3.5903,-0.3535,1
-0.88964,0.4548,1
-0.23741,-3.8303,1
1.0323,-1.8326,1
3.7278,-0.45081,1
3.1336,3.3113,1
0.57336,-1.5012,1
0.90745,-0.99731,1
-0.10707,-0.93976,1
-0.80394,-3.7741,1
1.4912,-2.9546,1
-0.56898,-1.1617,1
-2.0315,-0.1353,1
-1.0673,-2.2595,1
4.4504,2.682,1
-0.21442,-2.8045,1
4.2056,3.1429,1
4.8533,1.2338,1
3.5953,-3.6606,1
3.1279,0.57607,1
1.0283,1.7083,1
2.3574,-1.7719,1
0.77698,-0.71671,1
0.80324,-1.2816,1
1.2135,-1.4622,1
1.159,0.018097,1
3.3139,1.0407,1
-0.29859,-2.1566,1
2.2233,-0.67803,1
-1.6639,-1.504,1
2.4017,2.1116,1
0.57394,-0.35512,1
0.69542,0.51899,1
-0.80072,-0.58793,1
-4.5537,-1.8528,1
-0.58587,-3.1914,1
1.6623,-2.7605,1
-0.34797,0.69311,1
1.7187,-0.6998,1
-4.25,-4.0453,1
1.4001,0.030488,1
-0.59183,-3.0533,1
-0.48046,-0.13136,1
0.37952,-0.9625,1
0.54757,-3.32,1
-0.77237,-3.1993,1
2.6046,-2.716,1
-0.48287,-0.86034,1
0.57238,-0.60292,1
1.2559,-1.1964,1
-1.3629,-4.687,1
1.5913,-1.4002,1
1.3313,-3.3969,1
0.8689,-2.0099,1
-0.11937,-1.0836,1
3.5297,-1.0116,1
5.6289,0.76473,1
2.7738,-1.9611,1
3.1033,0.92796,1
1.0302,-2.4072,1
0.081799,-0.18659,1
0.015138,-3.7767,1
1.9324,-0.66771,1
2.3692,-0.29287,1
3.1373,-0.21065,1
-0.87302,-1.5027,1
0.06071,-3.9976,1
-2.5936,-1.2182,1
1.6129,-1.3428,1
-2.0215,-5.0419,1
-0.28421,-2.4111,1
0.13048,0.57609,1
-2.3633,-4.1693,1
1.5968,-0.55403,1
1.316,-4.3942,1
0.80463,-5.2253,1
0.49689,-0.66349,1
-0.25072,-2.5365,1
1.893,-0.025881,1
2.2503,-1.8358,1
1.0567,-1.0071,1
3.922,0.42554,1
5.701,1.8657,1
-0.32992,0.23537,1
0.038471,-1.0533,1
2.8193,-1.0359,1
-0.94932,-3.583,1
-0.60736,0.074998,1
3.0165,1.346,1
0.73283,1.8859,1
2.2543,-1.0619,1
1.6668,0.82453,1
2.6377,3.1565,1
1.6523,-3.6373,1
-0.36568,-1.9762,1
-1.1503,-0.86603,1
0.77558,-0.5017,1
1.8582,0.11618,1
0.84278,-1.1109,1
-0.50074,-1.53,1
0.33038,-2.7483,1
2.0509,0.19041,1
2.7314,-0.57473,1
2.684,1.3284,1
0.80296,-1.6196,1
1.2414,0.058336,1
0.083565,-0.62457,1
1.0753,0.060703,1
0.012152,0.96208,1
1.4501,-1.8452,1
2.0033,-3.6258,1
2.977,0.65177,1
0.27541,-1.4844,1
0.047554,-1.8688,1
0.67899,-0.77947,1
1.2061,-2.7842,1
0.28247,-2.2757,1
2.9596,1.4117,1
1.026,-0.67553,1
-0.93153,-4.2592,1
2.3579,-2.9836,1
-0.59464,-1.5723,1
1.8439,-0.060175,1
-0.7299,-2.1894,1
5.5339,4.0009,1
1.9194,-3.0761,1
-1.275,-4.0732,1
4.1948,3.3857,1
2.0255,-2.3712,1
0.058241,-2.5348,1
-0.14961,-3.7789,1
2.3995,-0.11815,1
4.3392,1.7929,1
-3.4537,-0.32984,1
2.8238,-0.97164,1
1.198,0.6593,1
3.0736,-2.03,1
3.3016,1.9919,1
-0.96861,-4.3302,1
0.038732,-3.0348,1
1.8331,-2.3643,1
0.44385,-2.8802,1
0.58794,-0.67506,1
1.7248,1.4713,1
0.57762,-1.0887,1
1.4701,-1.7482,1
2.0267,0.80038,1
0.15405,-2.2936,1
2.777,2.0886,1
-0.41879,-1.5279,1
2.2979,0.48114,1
-0.79275,-2.7709,1
-0.73391,-1.401,1
1.0136,0.72989,1
2.1245,-3.263,1
-0.54333,-3.5371,1
-0.42039,-4.7739,1
6.4688,-1.4075,1
-1.5622,-3.49,1
1.1905,-1.8673,1
-0.29943,-2.2649,1
-0.5834,-1.9475,1
-4.3495,-3.151,1
2.3911,0.48829,1
0.99853,-2.2795,1
-1.5971,-5.0427,1
0.88176,2.2285,1
1.698,-1.6628,1
-0.5063,-1.3094,1
4.7518,0.79438,1
3.0128,-2.4703,1
-0.36071,3.3101,1
-3.3661,-6.0534,1
0.32606,0.88691,1
0.85693,-1.6043,1
3.5262,-0.53628,1
1.7558,-0.35079,1
3.9006,3.1778,1
1.5554,-1.3266,1
-2.5807,-2.6466,1
5.3635,-1.0789,1
4.2536,0.64656,1
1.429,-0.9471,1
2.866,-1.0813,1
-1.1679,-0.67897,1
0.7773,-0.78392,1
0.074952,-2.0474,1
-0.27564,-4.3078,1
4.3176,1.0239,1
1.6803,-0.16821,1
2.3365,3.018,1
-2.5137,-4.0939,1
0.99827,0.17486,1
2.2734,4.0177,1
-1.8668,-0.62851,1
-1.3251,-4.2689,1
1.9583,1.1515,1
-2.4308,0.60273,1
4.8604,1.0647,1
0.55691,0.59182,1
1.3634,-0.92765,1
2.3371,0.91195,1
-0.41284,-0.23136,1
4.3885,1.1853,1
1.4992,-0.71958,1
0.12536,-0.18398,1
-1.6536,-3.4597,1
-2.5661,-2.1071,1
-1.3076,0.064705,1
3.4799,0.60685,1
3.0341,0.49019,1
3.7236,-1.9012,1
3.284,-0.59573,1
2.3358,-0.56801,1
1.4803,0.1972,1
2.1879,2.9763,1
1.9213,1.6478,1
1.9809,-2.121,1
0.16469,-0.49946,1
0.55523,-1.4955,1
3.1299,0.80628,1
3.4176,0.74753,1
4.4507,0.28253,1
0.85786,0.6285,1
-1.1737,-1.7527,1
3.4932,6.657,1
5.1757,0.89663,1
0.81455,1.54,1
0.6347,-0.55912,1
-1.1719,-3.2351,1
-0.48547,-2.1014,1
-0.78429,-4.1477,1
-2.046,-3.5738,1
0.83552,-3.9329,1
-1.6363,-1.7734,1
1.5977,-4.5435,1
1.5232,1.0454,1
-0.022873,-2.7368,1
1.8256,0.48051,1
-0.78212,-1.1413,1
0.31053,-1.6956,1
2.2524,-1.3482,1
-1.6593,-2.5747,1
-0.61989,-0.2145,1
-1.7515,-4.9404,1
0.83537,0.94362,1
3.7662,-0.17049,1
1.26,-1.5189,1
-2.3213,-1.7483,1
2.1237,-0.84325,1
-0.94653,-2.8272,1
0.16039,-0.0089391,1
2.014,0.22302,1
0.7379,-0.47744,1
4.0323,0.7478,1
0.12847,-0.59129,1
-0.92095,-0.56736,1
1.4745,1.8826,1
1.5833,-0.32948,1
1.1737,-0.78742,1
-0.84247,-1.2169,1
1.8505,3.2037,1
4.422,0.87453,1
-1.1721,-3.6617,1
1.6346,-2.6306,1
3.315,-0.84745,1
-0.94672,-0.28726,1
4.2384,3.5783,1
-0.24157,-1.1525,1
3.1783,1.2927,1
1.8863,-2.3658,1
5.7928,2.6879,1
0.88497,-0.98346,1
1.5002,-2.1766,1
-2.0695,-3.6668,1
2.287,3.3445,1
2.596,0.22039,1
1.2987,-2.9752,1
0.12229,-0.69443,1
0.84579,-3.9139,1
2.6085,-2.184,1
-1.426,-3.3733,1
2.4917,3.1383,1
1.0731,-2.1281,1
1.2074,0.35138,1
0.65384,-3.2335,1
-4.2873,-5.55,1
0.4231,-3.4506,1
1.1339,1.4088,1
0.57714,-0.7947,1
3.8715,2.9286,1
2.081,2.1527,1
-1.0075,-3.8015,1
-1.0604,-1.6908,1
-3.201,-2.7662,1
0.48024,-0.28476,1
0.77431,-2.6019,1
1.7102,-3.2003,1
-1.1516,-2.7296,1
2.353,-3.9226,1
1.54,-3.6269,1
0.58465,-2.3455,1
5.3996,1.5367,1
2.6105,0.30803,1
1.7439,-0.88627,1
1.1227,-1.8919,1
0.58153,-1.8276,1
-0.51976,-5.0994,1
1.5814,-0.34281,1
4.6172,-1.9396,1
-0.90215,-2.5611,1
-1.835,-3.2853,1
0.38143,-4.5382,1
1.0887,-0.79563,1
0.5701,-2.5151,1
-1.743,-0.93533,1
2.6142,3.1099,1
5.2839,1.3065,1
0.9437,-3.5193,1
1.1186,-0.12396,1
-2.1455,-2.4114,1
1.3683,0.018547,1
-0.16989,-0.93693,1
2.6601,-1.4658,1
1.4305,-2.4431,1
0.74088,-1.0339,1
1.8444,-1.1929,1
-1.2438,-2.3165,1
0.72622,-1.1484,1
-1.882,-0.81103,1
-0.50572,-1.8151,1
-0.15067,-2.4106,1
2.002,-1.6027,1
2.2559,0.99601,1
3.3766,-0.36564,1
0.43878,-1.0213,1
3.8588,1.5719,1
2.0698,1.8144,1
-1.2751,0.81335,1
2.9419,-0.51121,1
0.67782,-2.0899,1
3.2959,0.73907,1
0.73725,1.5513,1
-1.555,-2.4981,1
0.81447,-2.343,1
2.4375,-1.7303,1
3.9223,-2.1404,1
1.4817,-0.12285,1
3.3172,-2.586,1
-1.0386,-2.5875,1
4.0144,-2.9219,1
0.29101,0.063559,1
-0.95038,-4.8771,1
1.4792,-2.9068,1
0.38216,-0.50025,1
3.9213,0.8381,1
-3.1731,-4.9376,1
-0.47257,-2.1598,1
-0.79287,-3.8496,1
0.58432,0.48351,1
3.1971,4.9903,1
4.586,1.4998,1
-0.64786,0.04231,1
-3.0187,-2.9893,1
1.1165,-0.54285,1
-0.068071,-0.81355,1
2.8236,-1.8765,1
2.7759,0.034407,1
0.84995,0.95617,1
3.1839,-1.0036,1
2.9721,1.0432,1
2.1076,-0.39395,1
1.7596,0.12194,1
3.8777,1.465,1
0.012507,-1.5028,1
2.1061,3.3352,1
-1.7402,-3.3021,1
1.3283,-0.6072,1
-2.6244,-1.9138,1
-2.0204,-2.9837,1
5.0983,1.2846,1
1.5098,-0.56946,1
2.0664,1.2484,1
2.4384,0.33907,1
-0.90189,-2.2462,1
3.2404,1.8152,1
3.0002,0.8619,1
-0.14729,-3.111,1
-2.1622,-2.7812,1
-0.54693,-2.2255,1
2.7456,-2.0343,1
4.6336,0.028329,1
-2.307,-3.6828,1
-1.2769,-3.9648,1
1.0784,-1.4781,1
0.60557,-2.4564,1
1.6147,2.286,1
-0.82622,-0.35206,1
2.1792,-1.9817,1
-0.12924,-4.0527,1
0.11773,-3.9863,1
-2.0252,-0.80496,1
-0.66391,-1.9818,1
2.8619,0.53218,1
1.0695,-2.3178,1
-4.2962,-4.1637,1
-2.6645,-1.5024,1
2.9057,3.1403,1
4.4956,-1.0918,1
4.2318,0.46561,1
1.7215,-0.95925,1
1.8476,5.0881,1
3.2427,0.57984,1
1.6552,-1.1939,1
-1.188,-0.68108,1
3.6947,0.62474,1
3.2032,1.7362,1
0.7458,0.41045,1
1.2815,0.78948,1
-3.1741,-3.4935,1
2.7129,-0.22645,1
2.3279,1.3728,1
-0.083307,-0.61875,1
-0.68464,-2.2063,1
2.3576,-0.89165,1
0.71457,-1.014,1
3.9948,0.70751,1
-1.8984,-4.9037,1
0.74987,-0.93507,1
2.8631,-1.485,1
0.67204,-2.0765,1
3.0719,0.92887,1
1.4644,-0.68351,1
1.4032,-0.93476,1
-0.25163,-0.74669,1
-0.71227,-0.41078,1
1.6787,-1.5383,1
2.5889,-1.3717,1
1.105,-3.7198,1
0.033013,-2.7603,1
-1.2545,-3.0236,1
0.12662,-4.9341,1
0.23618,-4.6805,1
-0.72536,-2.5988,1
-0.95901,0.62399,1
1.4902,-0.041141,1
-2.2459,-0.098642,1
4.193,1.5455,1
3.2247,4.1988,1
-0.70509,-0.31678,1
1.7533,-1.9013,1
2.5619,2.9466,1
1.9926,-1.9273,1
0.37497,-5.2356,1
0.83899,-3.3882,1
2.8071,-0.36855,1
0.91667,0.51456,1
-1.0819,1.0168,1
-0.9,-2.6644,1
0.66447,-3.095,1
3.6829,3.3228,1
-0.52242,-3.3202,1
1.1661,-1.1281,1
1.543,-0.61128,1
-1.3588,-4.2646,1
1.577,-2.7043,1
4.299,-0.14376,1
2.9288,1.5389,1
-0.63417,2.2368,1
2.1455,-1.4421,1
3.0169,-0.41917,1
-1.4705,-1.6483,1
3.6878,-0.1312,1
2.3141,-3.032,1
1.7886,-0.40123,1
-0.91461,-1.2592,1
3.1204,-0.10203,1
-1.8426,0.7461,1
1.8117,-2.8345,1
-0.065288,-3.3278,1
1.2417,1.5196,1
-4.4657,-3.3472,1
-0.5309,-1.9562,1
-0.64782,-1.2343,1
0.73604,-0.23387,1
2.4913,1.0243,1
-1.5151,-0.77889,1
-4.7547,-3.426,1
-0.78244,-2.9321,1
-0.55124,1.0129,1
0.75921,-2.9672,1
-1.8995,-4.2464,1
2.4815,-1.4935,1
0.52524,-4.3876,1
-0.17453,-2.3609,1
1.017,1.3962,1
4.6044,0.99674,1
3.366,-1.3096,1
-0.89866,-1.1546,1
-0.77891,-0.40668,1
1.5831,-0.80514,1
0.27871,-0.48411,1
2.7624,0.8471,1
-0.052806,-0.9338,1
0.96521,-1.6841,1
0.67144,-4.3061,1
1.3701,-1.0456,1
-0.40071,-3.4795,1
0.1189,0.62206,1
-2.6703,-3.1627,1
-1.326,-2.5449,1
-1.9994,-0.01113,1
-0.51528,-2.4817,1
1.9359,-4.1386,1
-2.7329,-2.9387,1
1.0005,1.1455,1
3.812,-0.41647,1
2.1347,0.0077848,1
2.9617,0.61479,1
2.2571,0.59876,1
3.8843,1.2152,1
0.29729,-1.9558,1
1.9158,0.98206,1
-1.0984,-0.88171,1
-0.48581,-2.7826,1
1.6344,0.35908,1
1.7768,0.00081667,1
0.68107,2.0121,1
2.7106,-1.7017,1
-2.6793,-3.3646,1
1.5857,-1.6869,1
-0.20043,-2.3913,1
-4.5913,-2.4276,1
0.57942,-1.1572,1
-1.5364,-0.19217,1
1.6878,0.64303,1
2.7636,-1.1246,1
-1.2615,-4.2234,1
-0.3085,0.36399,1
1.3232,1.3058,1
-0.28971,-3.8057,1
2.7581,0.0198,1
0.43684,0.030133,1
2.8344,0.11581,1
5.0361,-3.2693,1
1.2081,1.4328,1
-1.5511,-0.82001,1
-1.014,-2.0475,1
-3.8659,-2.9697,1
1.5464,1.1737,1
-0.050639,-3.3832,1
-0.91725,-1.2733,1
1.0395,-2.052,1
0.27336,2.2966,1
1.7154,0.71891,1
3.7012,2.0936,1
1.6511,1.2615,1
-0.94083,-1.4919,1
-0.025786,-0.1352,1
4.2158,-0.39335,1
3.4181,-0.44584,1
2.1462,-2.2974,1
3.3724,-0.019603,1
0.038687,-2.9544,1
1.8116,-0.26942,1
-0.41978,1.0286,1
2.4511,3.6349,1
1.7731,-1.0694,1
0.32152,-2.3263,1
0.23031,3.8561,1
-1.1678,-3.9639,1
5.3205,3.1329,1
2.0885,-1.3904,1
-1.651,-0.12203,1
1.653,-4.0952,1
2.8857,-1.138,1
1.9412,-1.7359,1
1.177,-4.5256,1
0.22287,-1.042,1
-1.2834,-7.5939,1
-0.38727,-4.642,1
4.6272,7.3303,2
-0.30505,5.6911,2
1.8397,4.8423,2
-1.1663,7.8347,2
3.1531,6.4934,2
2.6843,9.4572,2
4.9655,7.4227,2
5.2553,6.7884,2
-0.62744,9.215,2
1.8528,7.5864,2
1.1652,7.9742,2
2.2753,8.9931,2
1.5954,6.763,2
2.9613,5.9215,2
1.4246,8.4461,2
0.35732,9.106,2
5.057,5.9505,2
0.57615,8.9496,2
-1.264,11.333,2
2.8168,7.1277,2
-1.1843,7.4014,2
1.6966,10.755,2
2.7675,8.1461,2
2.1741,6.4041,2
1.9286,9.2043,2
2.0237,8.574,2
0.041315,8.8452,2
2.9269,5.3572,2
1.7303,9.4762,2
0.27047,8.8904,2
2.0706,10.007,2
-0.10113,8.2198,2
-1.7397,9.3068,2
3.418,6.8697,2
2.6797,8.2376,2
1.7673,10.221,2
3.8509,9.4329,2
4.6197,4.5563,2
4.1461,7.5497,2
0.50434,10.146,2
-0.53001,10.014,2
4.6244,7.7515,2
3.5374,7.1646,2
1.5602,8.2118,2
1.6847,7.5664,2
0.56201,10.955,2
-2.4294,10.425,2
4.4127,6.3477,2
0.81041,9.336,2
-1.4085,10.411,2
4.6116,10.716,2
0.87358,11.56,2
4.4937,4.3067,2
0.59311,7.6534,2
1.8699,5.3142,2
0.1132,9.5589,2
3.8292,7.3566,2
3.2334,5.6164,2
2.6689,7.2585,2
2.7543,7.003,2
-3.9754,14.285,2
6.1475,6.9787,2
2.7413,7.1987,2
5.0509,6.452,2
0.62792,8.4484,2
0.071036,9.1901,2
3.3869,7.1319,2
3.5077,5.7434,2
2.5154,4.858,2
0.85669,9.7888,2
0.48223,9.7535,2
-0.74713,11.474,2
0.2209,9.9981,2
0.51279,8.2787,2
1.5537,7.5251,2
1.3303,10.756,2
2.6749,11.001,2
3.1038,4.5018,2
-0.13912,8.8422,2
-2.3866,11.269,2
0.12565,9.7513,2
-0.54111,7.8712,2
2.5966,5.7319,2
3.6824,10.006,2
3.4514,8.5431,2
1.5114,8.035,2
2.0384,6.836,2
0.13975,6.8726,2
-0.54608,12.392,2
9.9921,3.1883,2
3.9065,8.8902,2
0.87393,9.1247,2
2.6919,10.615,2
3.2798,9.8145,2
4.8075,4.8104,2
3.2046,3.9665,2
-0.39905,8.9433,2
4.5882,6.4419,2
4.6958,7.086,2
2.3371,8.8542,2
-0.018821,8.7939,2
3.6467,7.9717,2
3.4709,5.7308,2
3.612,6.4092,2
5.6526,5.1823,2
1.08,8.464,2
0.61368,9.0262,2
-1.0484,10.594,2
-1.733,11.422,2
3.0467,9.1952,2
1.9468,7.1518,2
2.151,7.4951,2
2.8089,7.4887,2
-2.3048,11.931,2
3.0053,8.595,2
1.766,8.6552,2
0.58236,7.4401,2
1.6966,7.7992,2
-1.9832,10.634,2
4.3377,5.5963,2
-0.38922,10.881,2
2.3633,7.5934,2
-1.0251,6.7521,2
2.1566,8.5041,2
-2.0131,9.1348,2
0.12972,6.5341,2
3.0092,8.7477,2
4.4781,4.7667,2
-1.8059,13.325,2
3.7926,6.1765,2
0.83639,4.9893,2
3.8165,8.6636,2
3.8417,7.9157,2
2.4059,6.2819,2
2.8441,7.1402,2
2.0291,4.6787,2
0.2267,9.0429,2
0.027543,9.1278,2
3.7703,7.3101,2
0.27777,12.447,2
5.0968,4.5722,2
-0.45422,9.1013,2
-0.44592,9.773,2
2.0686,9.9439,2
3.1085,12.298,2
-2.2,11.834,2
-0.45451,10.024,2
2.1475,6.2142,2
3.4982,7.1581,2
5.2126,6.3907,2
3.1221,6.5492,2
2.6483,8.1293,2
0.32697,8.202,2
4.7162,4.9392,2
3.0291,5.7755,2
2.0152,7.6929,2
1.2936,9.7253,2
2.9557,4.5281,2
3.4818,6.0066,2
0.1904,9.1429,2
3.3025,5.751,2
-2.1814,10.152,2
2.6474,9.506,2
0.46204,8.2018,2
3.23,5.9322,2
3.3513,6.9887,2
-2.602,12.137,2
0.21838,9.5183,2
1.6384,8.178,2
2.3345,5.9286,2
-0.15441,7.0443,2
1.9397,3.828,2
5.686,8.0075,2
2.9636,5.7335,2
4.3495,5.8095,2
1.0159,9.5051,2
3.5251,7.3365,2
2.3222,5.4934,2
1.6566,7.2058,2
0.39423,9.9611,2
-0.92565,8.8383,2
2.0496,5.6994,2
0.4535,6.199,2
2.7195,8.0592,2
-0.66507,11.155,2
4.4065,8.2406,2
0.33939,6.0629,2
1.1842,7.7279,2
1.2686,7.8504,2
-0.44035,8.6171,2
3.9518,9.3794,2
0.53999,10.484,2
2.2617,8.9075,2
1.3284,5.8979,2
5.6788,5.2172,2
5.2066,8.6578,2
2.5578,6.5553,2
0.78085,9.7692,2
-2.0431,11.987,2
-0.49045,7.6827,2
2.7306,5.7644,2
2.8695,9.6271,2
3.7324,8.7832,2
2.1663,10.131,2
-0.13042,8.1693,2
-0.11019,11.518,2
2.7226,8.4261,2
6.1351,8.0725,2
-0.094956,10.433,2
0.23292,10.01,2
5.1107,6.5694,2
2.4204,8.943,2
3.0045,8.7333,2
1.5653,7.687,2
1.0239,6.6239,2
-0.75245,9.6379,2
4.8227,3.7684,2
2.8151,10.275,2
3.3028,7.3857,2
2.4733,9.1004,2
0.91609,8.0419,2
1.6005,11.003,2
0.21664,8.408,2
0.17775,9.163,2
6.533,4.5852,2
5.5405,6.7869,2
1.6383,7.3851,2
2.2944,8.651,2
6.9475,4.3547,2
1.2048,8.1929,2
1.7325,10.538,2
4.4461,6.8399,2
1.8228,8.7603,2
2.9894,6.0602,2
0.50045,10.185,2
3.9916,6.4047,2
3.3994,6.8314,2
-1.5294,11.273,2
0.83283,9.9719,2
1.3865,8.4225,2
1.6375,6.5979,2
2.9888,6.1883,2
5.2714,5.9256,2
-2.2325,8.713,2
0.19003,6.0887,2
-2.4575,9.8569,2
0.35564,8.6693,2
5.5894,7.314,2
-0.56698,11.399,2
3.0741,4.9489,2
0.5664,8.1526,2
4.0331,5.3421,2
2.0067,6.6492,2
3.698,7.9072,2
1.4174,7.2172,2
6.3992,4.9686,2
2.944,6.0749,2
1.4356,11.401,2
-1.4857,9.9106,2
3.0082,5.52,2
2.9973,5.9947,2
3.195,8.6492,2
-1.4492,10.494,2
0.16784,8.8981,2
1.2836,6.0127,2
3.8177,8.5267,2
1.7032,9.1255,2
-1.9427,9.0656,2
2.4817,8.4176,2
2.0709,8.4908,2
3.9393,10.597,2
1.7017,9.0028,2
1.2097,10.097,2
0.14238,7.8078,2
1.7092,7.9889,2
0.6122,8.7349,2
1.8843,8.2153,2
4.5962,5.6562,2
1.3987,8.6642,2
2.2723,9.2438,2
2.2648,6.7838,2
0.73782,6.9632,2
0.36145,10.296,2
2.6673,9.8116,2
-1.8651,12.047,2
0.89066,8.033,2
0.57815,8.2512,2
-0.29721,9.3818,2
5.2538,7.3755,2
2.5786,9.7045,2
2.1,9.8489,2
2.6296,8.726,2
0.76497,11.149,2
1.1702,9.3097,2
-0.36695,9.2914,2
-1.0878,11.145,2
0.72588,9.8846,2
5.7397,5.8573,2
0.21716,14.409,2
-0.89438,10.561,2
2.5472,6.6303,2
3.8051,4.4737,2
0.6743,7.6649,2
-0.77407,10.438,2
-0.11803,7.076,2
-0.30355,8.9202,2
0.11563,6.9709,2
5.3924,7.4047,2
-1.5831,11.443,2
2.7345,7.7504,2
2.051,7.1408,2
1.7259,6.3397,2
0.097785,11.312,2
4.3184,8.0773,2
2.6999,6.5123,2
1.5197,5.8093,2
3.2473,10.387,2
4.0981,5.7675,2
2.2796,5.9853,2
4.2142,4.9789,2
2.038,8.2808,2
2.006,9.4406,2
2.464,9.6569,2
-2.1256,8.6724,2
0.93412,9.7111,2
1.1256,10.22,2
4.0629,10.148,2
4.3319,8.2067,2
3.9271,6.6712,2
5.5914,5.6828,2
-2.0115,10.188,2
3.2275,9.5367,2
3.0676,6.3521,2
1.1342,7.0438,2
5.5494,2.5472,2
1.1019,9.7255,2
0.85943,9.709,2
-1.3089,12.633,2
1.6632,6.1205,2
-2.4417,12.469,2
4.7393,4.2474,2
1.8808,12.162,2
3.7464,7.1038,2
4.6669,4.6296,2
3.1072,5.2902,2
7.5427,3.7916,2
4.0451,6.1154,2
2.1239,8.8405,2
2.2425,7.1026,2
0.75054,5.1137,2
2.6668,7.9333,2
1.2905,5.9904,2
1.8964,3.3442,2
0.94131,8.5295,2
1.9313,6.3053,2
0.2072,9.8279,2
-1.6726,12.781,2
4.2695,9.0993,2
4.1883,7.6645,2
5.1793,5.5973,2
-0.66469,12.469,2
2.5546,9.248,2
0.81805,9.9461,2
-0.034595,7.5266,2
2.8575,5.8784,2
3.3097,6.8763,2
1.7094,10.162,2
-0.23423,7.2058,2
0.93159,5.3636,2
-0.14805,9.559,2
2.3074,10.638,2
2.2401,7.6735,2
1.0793,8.7101,2
1.5513,10.057,2
4.6869,4.7411,2
3.4158,6.7737,2
4.2789,7.5349,2
4.2798,7.4986,2
2.3171,8.2502,2
4.6274,7.0767,2
0.30992,6.2796,2
1.9586,7.1855,2
1.2567,9.6236,2
-0.40708,6.6223,2
1.4312,8.4654,2
2.0312,8.5225,2
0.20669,8.3279,2
-0.23138,10.49,2
-1.6134,11.104,2
1.746,7.6772,2
-1.0698,7.162,2
1.7942,11.541,2
1.838,7.2843,2
1.8039,5.4007,2
0.64521,7.4451,2
0.46096,11.866,2
0.10682,10.48,2
-0.43669,10.234,2
2.1237,8.3696,2
0.92106,5.6208,2
0.17017,6.1833,2
3.8756,5.7902,2
5.7509,6.2574,2
5.0446,6.1862,2
1.1833,5.3111,2
3.2872,11.326,2
0.39889,7.2404,2
1.2834,11.847,2
1.9251,5.7039,2
1.7933,4.9096,2
0.47225,7.9141,2
5.2764,4.0131,2
3.3534,5.0761,2
4.7554,6.7524,2
0.82769,8.6109,2
-1.3511,10.939,2
-0.029518,8.9286,2
-0.55801,11.992,2
2.7145,7.179,2
0.67041,8.3741,2
0.84131,6.4068,2
6.4257,5.73,2
4.1403,7.8693,2
4.3447,6.2508,2
-0.47227,4.8249,2
1.5151,7.2968,2
2.7111,5.8918,2
0.019387,9.1111,2
0.32933,8.8327,2
0.029749,13.181,2
6.9995,7.4955,2
2.4217,7.5784,2
-0.88681,9.0528,2
1.18,9.3687,2
2.4598,9.8356,2
-1.5751,9.3173,2
-2.1458,10.49,2
2.642,9.8418,2
2.4664,9.5384,2
1.3853,8.9123,2
-2.783,10.347,2
1.559,9.3563,2
1.642,7.3911,2
0.3972,9.7494,2
-1.2203,8.4377,2
2.3322,10.116,2
-0.82489,7.2607,2
2.6126,4.1792,2
-1.3684,7.2045,2
2.3451,7.1854,2
2.5408,2.1643,2
3.3928,4.545,2
3.8666,7.5464,2
3.0669,8.4445,2
1.2988,5.8209,2
2.1588,6.9484,2
0.68317,5.879,2
-0.65457,12.74,2
1.6851,10.382,2
1.1826,10.022,2
-0.66451,6.6519,2
2.4912,7.5487,2
3.2251,6.0869,2
0.12935,14.401,2
1.0058,10.491,2
0.92865,9.7526,2
4.128,5.7362,2
4.5746,6.2545,2
-2.1924,9.0613,2
4.6996,6.5739,2
2.8388,7.4503,2
1.2341,9.9795,2
-0.34489,9.9918,2
1.6028,4.8014,2
3.6828,8.7066,2
-3.4274,10.133,2
3.5942,6.2726,2
-0.5998,10.857,2
1.8081,6.7376,2
2.1389,5.9707,2
3.8321,6.0292,2
1.783,9.2429,2
0.44301,6.6704,2
1.4982,8.5923,2
4.8122,5.1818,2
-0.2605,7.9929,2
-0.53226,8.752,2
4.0152,10.693,2
1.4782,8.878,2
3.24,5.2295,2
1.9456,8.9554,2
5.1238,5.5886,2
0.844,8.3417,2
2.5738,6.265,2
-0.027383,7.3642,2
3.8853,8.4874,2
3.422,5.4609,2
4.6993,5.205,2
1.23,7.0916,2
0.62397,6.3913,2
2.0891,8.2987,2
3.3428,8.2659,2
3.292,6.4836,2
-1.1548,8.1926,2
2.2321,6.988,2
3.9679,6.4795,2
3.2625,7.0409,2
1.3874,8.9429,2
2.5703,5.8432,2
0.54739,9.7782,2
0.79891,8.9255,2
2.9229,8.2569,2
1.4897,5.8799,2
3.5596,8.9636,2
1.6538,10.681,2
4.629,7.8932,2
2.4748,5.7897,2
3.2639,5.5133,2
0.5287,10.987,2
3.7384,10.154,2
3.1637,6.9435,2
5.3213,8.3646,2
1.289,7.4358,2
2.7351,7.2226,2
1.5505,9.3405,2
0.21319,9.2614,2
2.541,8.5165,2
6.1406,2.4363,2
4.4869,6.6122,2
2.159,6.994,2
4.6914,6.4702,2
1.696,8.3206,2
3.9339,5.1749,2
0.54128,8.2254,2
-0.3335,11.097,2
3.1378,9.0635,2
0.27608,8.7988,2
1.0122,7.6038,2
0.092075,7.6719,2
0.50835,10.315,2
1.8787,8.2127,2
0.86996,8.9762,2
0.12246,10.349,2
1.9355,9.4991,2
3.971,6.593,2
3.2896,7.467,2
3.3766,4.1493,2
4.8392,6.3623,2
4.3547,9.7103,2
3.437,6.4017,2
4.2329,3.8661,2
5.9372,7.092,2
0.26136,8.4448,2
1.1098,9.5985,2
3.0022,8.6845,2
1.7502,8.6111,2
3.0033,7.7661,2
3.7761,5.2297,2
2.5963,6.4913,2
5.1384,5.5568,2
4.36,5.9861,2
-1.5175,11.114,2
5.9592,4.2193,2
4.4011,3.862,2
1.1693,9.8352,2
3.7791,6.286,2
-0.13274,9.623,2
1.8074,11.642,2
2.4697,7.7956,2
3.8872,8.9614,2
2.4562,5.3705,2
1.3669,8.6105,2
3.0496,9.8651,2
1.8844,6.4885,2
2.8847,7.9715,2
5.6221,4.8084,2
4.8095,4.9716,2
1.6424,11.059,2
0.2954,8.2776,2
1.0723,9.4652,2
1.7381,9.4023,2
1.3542,7.2838,2
3.0949,8.3537,2
-0.16808,7.159,2
4.7286,10.469,2
3.0141,6.0982,2
0.066144,6.0545,2
0.85794,7.2493,2
5.9279,5.09,2
2.9863,9.4122,2
2.4432,8.3922,2
0.34389,9.2647,2
-0.38494,7.1482,2
4.656,5.5893,2
0.78499,6.8836,2
0.76028,11.62,2
3.0955,5.1976,2
4.1373,7.7848,2
3.6817,10.979,2
4.231,8.9164,2
-1.2506,10.242,2
-0.017544,8.5815,2
5.3419,8.7019,2
1.7329,9.6053,2
3.144,5.6625,2
-1.6688,9.4626,2
2.6581,5.6878,2
7.6827,6.2116,2
3.7202,9.6007,2
3.1919,5.7643,2
2.5991,11.017,2
0.76829,12.365,2
1.991,8.5712,2
1.8049,10.211,2
2.0312,10.61,2
-0.30311,8.3679,2
1.6403,8.7922,2
0.6553,7.0708,2
0.74273,6.5961,2
-0.6135,7.1651,2
2.0996,7.4807,2
5.5,4.8999,2
5.3341,7.6001,2
1.4148,9.2966,2
3.2208,6.7431,2
0.80194,8.317,2
3.2157,7.064,2
4.8591,8.6231,2
1.8704,7.4106,2
2.17,5.2885,2
1.7923,6.1236,2
-2.0963,11.075,2
0.65409,7.3795,2
1.6008,5.3684,2
2.8661,9.8506,2
4.549,9.0705,2
3.557,7.2944,2
1.8292,8.5913,2
4.3387,7.6301,2
-2.2479,10.139,2
1.4753,9.8149,2
2.117,8.3225,2
-1.6874,10.83,2
4.414,4.3233,2
3.3596,5.8617,2
3.0101,8.1598,2
-1.9933,10.178,2
1.4398,8.746,2
2.2596,8.3064,2
-1.285,9.0745,2
2.5786,10.404,2
6.1831,7.8356,2
5.3548,8.0694,2
-0.74141,9.5623,2
0.35291,12.798,2
2.3726,7.1344,2
5.5078,4.929,2
2.6108,9.4489,2
2.1296,7.8144,2
0.6214,7.9992,2
4.6678,3.2318,2
3.2397,5.7411,2
-1.7486,9.3769,2
0.82639,7.5404,2
2.2176,8.3247,2
1.142,6.952,2
0.22426,7.2269,2
-1.5859,11.184,2
-0.99251,10.602,2
3.3871,6.6198,2
3.3098,6.2507,2
3.2973,8.6409,2
6.6657,5.884,2
-2.1779,11.576,2
-0.1021,10.824,2
2.5561,9.95,2
2.4596,10.218,2
1.7125,8.3638,2
5.3229,8.3299,2
3.8213,8.1357,2
0.49723,8.4339,2
3.4352,7.8865,2
5.5396,3.5576,2
1.0332,5.7447,2
1.3052,6.7951,2
0.58551,8.615,2
1.6502,11.205,2
0.98426,8.1361,2
1.229,7.5011,2
3.5583,6.1134,2
0.82933,13.126,2
2.4497,9.3813,2
2.1734,6.5361,2
5.5049,7.6303,2
-1.1894,6.9566,2
-0.99938,7.8154,2
1.7613,8.966,2
3.8529,8.2683,2
2.2398,6.5127,2
2.1723,7.6189,2
0.50654,10.03,2
3.392,9.2894,2
4.9281,10.443,2
0.45882,6.6697,2
-0.16934,9.4386,2
-0.52531,9.304,2
4.7847,6.7914,2
0.96672,6.9943,2
4.6766,4.6791,2
-0.30287,7.9976,2
1.1123,11.014,2
4.8186,6.2992,2
2.2234,8.8166,2
2.4229,6.4905,2
-0.54111,10.154,2
1.8163,8.4157,2
3.2779,7.8857,2
1.5738,7.8383,2
3.698,6.3693,2
0.49945,6.7694,2
-1.8566,7.8553,2
2.1559,8.7541,2
2.4658,6.8072,2
2.5614,8.5407,2
5.0115,6.7222,2
0.5859,6.7194,2
1.2992,9.1712,2
3.876,8.1979,2
-2.0367,8.2748,2
-1.599,10.763,2
3.8197,8.1947,2
-0.18084,8.4413,2
1.6456,8.0693,2
-0.77583,12.052,2
1.7924,7.3165,2
2.7799,8.1172,2
1.8154,10.952,2
2.1005,9.5903,2
1.7202,13.176,2
3.9752,2.6533,2
-1.0736,8.8061,2
2.0341,8.5233,2
0.53643,8.4489,2
1.9927,7.1617,2
4.0737,6.3608,2
5.3163,7.51,2
3.2244,6.6392,2
3.6379,8.68,2
2.8676,9.5287,2
3.4233,7.1081,2
-0.70146,10.382,2
0.79054,4.9756,2
5.4909,6.039,2
0.95908,8.2767,2
5.5416,7.4067,2
3.0577,9.5049,2
0.062042,8.2663,2
-0.33773,8.9369,2
-0.29899,10.107,2
5.8538,6.6267,2
2.3091,7.3606,2
-0.21,9.9881,2
3.4149,8.8596,2
3.4603,8.7716,2
1.7909,6.5824,2
3.5558,7.5181,2
2.7594,9.8503,2
1.1702,6.0916,2
1.9009,6.858,2
1.5872,9.5672,2
3.0532,5.9518,2
1.2816,7.7242,2
0.72834,6.2025,2
1.7796,7.2675,2
-4.5209,11.332,2
2.8708,7.2825,2
0.67637,8.6247,2
1.2965,6.7627,2
2.6883,8.4638,2
0.2521,5.3346,2
0.097375,8.1186,2
-0.53222,10.356,2
4.3707,4.6655,2
-2.4201,12.199,2
2.7354,6.0569,2
4.1359,7.5548,2
-1.4941,11.226,2
-0.53516,7.0086,2
5.0807,5.0077,2
0.2657,11.411,2
1.676,9.4473,2
1.7044,7.1319,2
1.5843,7.278,2
0.9683,8.5194,2
3.4133,9.8126,2
4.5301,6.5567,2
0.83181,6.8268,2
0.87492,7.9121,2
0.5635,9.4475,2
3.7744,8.0256,2
2.0824,9.7246,2
0.76025,8.0357,2
1.6589,9.3123,2
2.9193,5.944,2
-1.1366,13.887,2
3.7505,7.0731,2
1.3181,10.348,2
4.5684,4.9974,2
4.1564,6.3224,2
-0.13522,10.236,2
1.3018,8.2545,2
0.73958,8.688,2
-1.156,11.998,2
3.4106,7.2628,2
1.1943,8.1662,2
4.1757,6.666,2
1.854,11.65,2
6.3441,3.7143,2
4.5643,6.3723,2
0.20461,8.3137,2
3.1967,8.2223,2
4.5734,4.7319,2
-0.3084,10.756,2
2.0894,8.1714,2
3.7955,9.5844,2
-1.2484,10.933,2
3.678,6.2832,2
0.3853,8.2302,2
2.4237,8.4084,2
-2.5555,9.2185,2
2.0128,6.2506,2
2.524,10.481,2
2.0126,10.566,2
-0.28941,8.045,2
1.7752,7.8227,2
2.0328,9.2453,2
0.96599,8.0469,2
0.55979,11.559,2
3.5561,9.2194,2
2.5679,10.209,2
-3.4382,9.843,2
0.32333,8.3638,2
1.7646,9.0091,2
4.5696,6.6886,2
0.82391,8.3087,2
0.64816,7.3323,2
3.8203,8.8586,2
0.37555,8.5801,2
2.058,4.9152,2
2.0468,8.6309,2
0.78604,6.8929,2
2.8438,6.5137,2
4.7119,5.7199,2
0.73745,6.6222,2
1.8122,7.1241,2
2.8039,5.8393,2
4.5944,4.1471,2
2.2105,7.4818,2
1.0966,5.5949,2
2.8613,10.234,2
4.7306,7.7298,2
2.1007,7.2247,2
-1.5762,7.2852,2
1.8856,5.8652,2
3.966,6.8549,2
2.4171,7.4154,2
0.49197,8.6425,2
3.2491,9.7808,2
3.5636,6.7518,2
3.6528,7.5257,2
2.4959,7.3941,2
-0.33509,10.527,2
1.9099,6.0741,2
1.5372,6.0449,2
2.672,8.5329,2
3.5578,6.8772,2
0.43977,9.7158,2
-1.0261,11.444,2
3.1067,8.0199,2
0.069701,6.2504,2
3.0541,4.1814,2
-0.46361,9.1251,2
6.2809,8.6042,2
1.3667,9.1873,2
1.5531,7.6812,2
0.992,7.3372,2
-0.75849,9.8803,2
6.134,4.7105,2
5.9653,5.41,2
-0.4314,9.3698,2
3.6991,6.9846,2
0.97466,7.5562,2
-1.8728,10.058,2
4.1537,5.7183,2
4.5956,6.1789,2
2.5909,6.5851,2
-2.0382,7.0489,2
2.8931,7.5989,2
1.9331,6.7944,2
2.6045,7.4359,2
3.2715,7.5296,2
5.1661,3.2748,2
1.7133,7.6609,2
3.6185,6.3607,2
2.9339,6.489,2
-1.5003,7.5333,2
3.4288,7.1916,2
2.1448,10.607,2
3.1196,7.9795,2
-0.12863,9.7705,2
3.0602,4.0703,2
2.4956,9.4572,2
1.4172,8.7185,2
4.1784,5.8468,2
1.9358,7.7404,2
0.88472,8.7361,2
0.58953,11.824,2
1.1229,8.9099,2
3.7977,5.7354,2
2.474,11.539,2
6.9123,5.0288,2
-0.23154,6.6301,2
5.223,6.7827,2
3.8379,6.9246,2
0.42435,9.3724,2
1.2013,6.9987,2
0.32681,12.964,2
-0.67683,7.3511,2
1.0682,10.446,2
3.1035,4.8678,2
-0.9317,8.0482,2
3.4082,6.8958,2
3.7261,9.2282,2
-0.45281,7.2546,2
0.95021,7.1916,2
5.0872,6.0733,2
-2.0692,9.3569,2
1.3535,6.8818,2
1.9319,2.8511,2
1.5209,8.6187,2
4.4139,7.8333,2
2.1363,11.267,2
3.5085,6.6677,2
2.0114,7.6255,2
0.23166,11.416,2
-0.18823,11.023,2
-0.14383,4.3882,2
0.57625,8.8169,2
0.72951,10.247,2
1.5946,11.757,2
3.0507,8.6807,2
1.7531,8.7608,2
1.7307,6.6005,2
7.3172,8.3836,2
0.72382,5.1202,2
-0.17694,7.249,2
4.4603,2.7901,2
4.2524,4.8868,2
0.43594,6.8966,2
3.0365,8.1927,2
2.6444,7.7773,2
3.1672,5.6476,2
2.7672,6.3558,2
0.79549,8.6539,2
-1.1671,10.726,2
3.611,8.8585,2
2.8952,6.8694,2
-1.1904,11.792,2
1.8039,7.0929,2
3.1438,5.1216,2
2.438,8.2984,2
3.3173,5.3288,2
1.8368,9.3505,2
-0.081025,11.713,2
2.364,8.0244,2
4.3814,3.982,2
3.9952,8.8734,2
1.3879,6.5634,2
-2.5104,11.405,2
1.6681,10.658,2
0.93191,9.2671,2
3.0191,7.0636,2
2.4632,5.85,2
1.7887,5.6095,2
2.5561,7.1485,2
2.7345,6.1755,2
1.4793,11.519,2
3.0624,9.0376,2
-2.9041,8.7072,2
2.4211,6.1699,2
1.1304,5.1447,2
4.6336,11.004,2
5.8942,6.5275,2
-1.0557,8.0929,2
1.5644,8.7554,2
4.9254,6.5518,2
3.8906,10.87,2
5.1532,6.2229,2
1.4121,10.09,2
3.9433,7.0175,2
