7.1904,4.1636,1
4.7958,6.812,1
6.7367,9.9734,1
10.646,9.1311,1
8.4518,4.3547,1
7.3048,5.1326,1
-1.8627,-4.9814,1
-6.217,-9.6363,1
-6.0714,-6.8893,1
-4.4364,-9.195,1
-8.3371,-5.5582,1
-4.2931,-8.0116,1
6.854,5.1841,1
6.9031,9.3919,1
7.0255,9.2637,1
5.4418,3.9836,1
7.7399,6.6351,1
-7.9612,-9.2636,1
7.7945,8.2031,1
-5.5957,-5.4039,1
8.3983,5.2733,1
-6.1762,-6.5254,1
-6.3201,-6.1636,1
-8.6414,-4.431,1
7.3536,6.6238,1
-7.5013,-6.9841,1
-8.9753,-5.8903,1
-6.4863,-5.951,1
-4.3752,-3.9936,1
6.6369,6.6326,1
5.3125,8.5073,1
8.0702,6.9683,1
-7.6401,-8.6037,1
-8.0573,-6.8193,1
-4.3361,-6.6063,1
5.2895,6.0773,1
9.3141,6.7362,1
-7.4729,-5.3705,1
5.3481,9.4484,1
-4.6034,-6.227,1
-8.1386,-7.1812,1
-8.9851,-9.3778,1
-8.1774,-6.9077,1
-7.9772,-6.8689,1
-8.6751,-4.6784,1
-6.0912,-6.9859,1
6.8593,9.7594,1
-5.744,-5.5198,1
-7.1855,-7.4028,1
7.0927,8.0945,1
8.0341,8.5707,1
6.8411,6.5202,1
-6.9341,-4.868,1
-5.9023,-9.5444,1
8.8568,5.8867,1
8.6353,5.7193,1
7.2949,6.6594,1
6.7761,9.0664,1
8.6788,8.1667,1
6.0755,7.9022,1
-5.5254,-3.9929,1
-4.4907,-6.4746,1
-6.2938,-8.1793,1
-6.5836,-3.7286,1
8.6623,8.3457,1
7.7094,8.5097,1
-9.6272,-7.2815,1
10.638,9.7551,1
9.4096,6.9296,1
-5.65,-7.4229,1
-5.4095,-4.6379,1
-6.0443,-6.5212,1
-4.3391,-5.4432,1
8.8885,5.6369,1
-7.4869,-9.8904,1
-7.7468,-9.2905,1
-7.5878,-6.7519,1
5.7735,8.1569,1
6.824,8.4461,1
-3.3238,-6.6172,1
-5.4064,-7.5091,1
7.2733,7.49,1
9.062,6.998,1
-6.885,-6.1538,1
-7.2664,-5.9923,1
-9.1953,-5.5153,1
6.4744,5.8248,1
-7.5676,-5.8997,1
8.4131,5.8206,1
7.1115,10.176,1
7.9539,5.2386,1
8.7631,6.0369,1
-6.7494,-5.1256,1
-2.6415,-6.0706,1
-8.6021,-9.3243,1
6.9814,5.8757,1
8.4364,6.0523,1
6.2412,5.2669,1
-7.7015,-5.9341,1
-8.0521,-7.9358,1
7.5417,9.5118,1
-7.2563,-6.1565,1
5.6825,3.3521,1
-8.5857,-4.9212,1
-5.1361,-8.1461,1
5.0562,5.4704,1
8.1042,6.9773,1
3.2177,6.5083,1
5.2982,6.4499,1
-7.2674,-8.5305,1
-7.557,-6.4466,1
-8.3423,-7.0446,1
-7.1454,-5.8615,1
7.2174,7.9299,1
-6.6648,-8.8444,1
8.9777,5.7971,1
-7.4399,-8.6561,1
7.642,7.3908,1
-9.4502,-3.2462,1
-7.0642,-8.1394,1
-7.6647,-9.3787,1
-4.6887,-7.0784,1
3.5949,9.6669,1
-5.0305,-8.2786,1
5.231,5.4674,1
-6.6511,-8.3947,1
9.1717,3.7559,1
-6.6409,-9.4739,1
-6.0346,-9.4504,1
4.7726,6.9086,1
-7.6877,-5.7283,1
11.153,6.2124,1
6.0513,5.9419,1
5.481,7.0753,1
-7.1803,-6.8463,1
-3.8015,-5.3306,1
7.3687,5.0934,1
7.6582,7.2061,1
6.2481,10.456,1
-6.096,-7.1436,1
4.9749,8.2494,1
-5.9467,-3.7835,1
6.5949,7.8781,1
5.0319,6.2744,1
-6.7248,-7.783,1
6.8979,5.8203,1
8.8689,5.5648,1
-9.5998,-8.5632,1
6.8879,5.5321,1
6.3187,3.7911,1
8.4477,8.0138,1
-8.6645,-7.4602,1
5.9073,6.525,1
-6.72,-10.029,1
7.3729,6.8143,1
-3.3071,-7.0419,1
7.2669,8.1497,1
-5.9853,-7.3975,1
5.0654,8.7462,1
8.0598,1.9072,1
5.9201,9.0812,1
6.1143,9.0087,1
-7.7262,-10.186,1
-6.6459,-7.9463,1
5.5914,8.8381,1
3.4694,7.4434,1
-6.7263,-9.9051,1
6.4297,6.6271,1
4.6248,6.3349,1
5.1842,9.5244,1
7.6533,8.4694,1
9.2923,6.1471,1
-8.0195,-5.9925,1
7.5752,9.2508,1
-6.9609,-5.1423,1
-8.727,-9.4131,1
-6.5495,-5.611,1
-6.2823,-4.8887,1
6.031,6.082,1
6.2448,8.1208,1
7.6068,7.9566,1
-5.5954,-9.6987,1
7.9051,10.123,1
-5.5968,-6.4227,1
-3.965,-6.008,1
6.6065,6.1723,1
-7.7605,-5.5569,1
-6.847,-4.1553,1
5.188,7.3382,1
6.7758,7.2283,1
7.3084,4.6615,1
6.0178,5.054,1
-6.7913,-8.0642,1
5.1178,8.404,1
-8.8848,-7.6507,1
-9.3615,-7.3536,1
8.9588,6.0277,1
-6.8812,-6.1646,1
7.4103,5.0702,1
6.9247,6.3606,1
4.3844,8.2635,1
-7.3455,-8.1512,1
-7.1705,-5.7132,1
-6.4793,-7.0097,1
7.3394,6.2023,1
5.7735,8.3931,1
7.975,7.7658,1
-3.093,-8.1557,1
8.0643,8.0277,1
-7.7835,-6.3996,1
5.0238,10.927,1
8.9646,11.247,1
8.2566,8.7705,1
6.9942,7.6952,1
7.0847,8.9244,1
7.1392,6.8039,1
9.5601,5.955,1
-7.1398,-7.31,1
7.2587,9.0632,1
-9.2732,-8.0369,1
-9.2688,-7.2194,1
5.1132,9.344,1
-6.0769,-9.9829,1
-9.462,-5.7795,1
-7.923,-4.6179,1
7.3273,7.4907,1
-8.3547,-7.5882,1
-9.5019,-7.3799,1
-7.3146,-9.4095,1
8.1656,5.889,1
7.6759,6.0609,1
7.6868,7.6401,1
-3.226,-9.1547,1
7.0746,7.0455,1
6.9567,9.5007,1
6.7187,4.8046,1
-5.2159,-9.1705,1
-6.3703,-4.2546,1
6.9831,9.5668,1
-6.0016,-4.4313,1
-8.9878,-6.3035,1
4.5418,8.5919,1
-5.6064,-1.619,1
-8.2974,-8.2239,1
8.0477,7.5944,1
7.3001,10.142,1
-5.3632,-5.8311,1
9.1182,5.6245,1
7.4862,8.2322,1
-10.29,-6.7881,1
-6.9722,-7.5214,1
-7.214,-4.6316,1
-7.7203,-6.4183,1
-8.3847,-7.6412,1
5.718,3.7449,1
8.1204,6.3441,1
7.6251,7.7309,1
5.9563,5.7822,1
-7.6725,-4.6442,1
7.5579,7.1154,1
-6.1897,-7.9112,1
7.7186,6.7135,1
-9.6696,-7.9473,1
-4.0894,-10.579,1
4.7388,6.0441,1
9.6038,7.1896,1
5.1885,7.3078,1
-7.5794,-6.3353,1
-7.3771,-7.0361,1
8.3304,10.605,1
7.7798,6.1722,1
7.8581,3.7241,1
-4.6794,-5.7115,1
-5.6403,-3.3941,1
-6.4907,-7.5043,1
-5.6492,-9.99,1
7.6461,6.3472,1
-3.6769,-6.4117,1
5.4199,7.6803,1
-6.1743,-6.9894,1
-6.7811,-9.9345,1
8.1134,5.325,1
5.8208,7.2624,1
3.5402,10.536,1
9.2412,8.4176,1
-7.6983,-5.8681,1
-7.3511,-9.4689,1
-5.2426,-2.0866,1
5.6568,6.1218,1
7.7841,11.34,1
7.5617,8.2337,1
-7.1089,-8.3674,1
-7.1245,-4.6911,1
-4.9032,-8.4057,1
-7.0945,-8.6459,1
-4.98,-7.2742,1
-8.1617,-7.4831,1
-6.6152,-5.0293,1
8.0683,4.3581,1
6.5991,9.2265,1
-7.0416,-7.1083,1
-6.1666,-6.7739,1
-7.215,-6.8498,1
6.7303,7.686,1
7.354,5.3323,1
-6.1492,-5.0311,1
-7.6868,-11.051,1
3.3456,6.2071,1
-6.405,-8.8824,1
5.6536,7.6942,1
4.9576,7.7146,1
5.6574,3.6293,1
-7.4021,-9.1028,1
-9.5417,-4.5918,1
-5.3549,-8.7115,1
-8.4049,-5.2128,1
7.7622,8.5281,1
7.4011,9.3201,1
7.8124,6.016,1
-9.6459,-6.8558,1
6.7414,8.2483,1
-9.2682,-7.0426,1
6.674,4.9656,1
7.3569,5.759,1
-12.395,-7.0615,1
-5.3611,-4.8817,1
6.4776,6.6269,1
-5.6115,-6.9123,1
5.6457,6.902,1
-7.6397,-5.3397,1
8.8852,7.988,1
6.4106,6.4768,1
-3.8232,-8.7356,1
6.5659,6.2606,1
8.7453,7.6874,1
-7.0676,-9.3675,1
-2.7463,-7.1158,1
6.3426,4.7984,1
5.6783,7.6009,1
-8.3502,-4.9805,1
-5.4301,-9.9631,1
-7.4645,-7.3507,1
-6.9731,-5.3184,1
-7.8319,-6.6912,1
7.6071,7.0349,1
-8.5236,-6.5816,1
-9.0177,-7.1071,1
-8.0678,-6.6472,1
-8.8665,-5.6616,1
-4.9988,-8.573,1
-6.4304,-8.4475,1
-8.9486,-7.1016,1
5.9625,7.499,1
7.8168,8.5558,1
-6.7029,-8.9793,1
-6.043,-4.91,1
6.1497,4.0332,1
-7.3248,-8.0914,1
-4.0625,-8.9363,1
8.8765,4.9486,1
-8.8915,-10.751,1
7.5865,1.9834,1
5.5114,6.9051,1
6.609,7.4811,1
-7.3104,-5.9702,1
-7.6289,-9.2935,1
-8.6419,-3.5865,1
7.2691,5.2066,1
-10.411,-8.3269,1
5.5919,8.7563,1
8.2755,5.9518,1
-5.7428,-6.5437,1
6.8001,5.6486,1
-7.8224,-8.5928,1
-2.2852,-8.575,1
-7.3154,-5.7638,1
7.0038,6.333,1
5.6377,2.5607,1
7.6144,5.2481,1
-8.1127,-8.242,1
-9.1239,-6.6413,1
9.0517,6.1843,1
7.979,7.0828,1
5.5442,8.8639,1
6.8892,11.748,1
6.2761,5.635,1
8.7031,5.2297,1
8.4856,8.9882,1
-6.8435,-5.9516,1
-6.922,-6.4746,1
6.0196,5.1381,1
-9.0822,-9.2321,1
4.7232,4.5523,1
-3.2163,-6.9012,1
6.0149,6.811,1
-5.6526,-5.5292,1
-6.4174,-5.5536,1
-5.3833,-8.266,1
5.8133,5.8416,1
7.1989,7.0239,1
3.8404,9.4789,1
5.4155,8.2936,1
-4.9753,-11.161,1
-5.3168,-8.6323,1
7.3734,5.779,1
-6.6357,-5.5433,1
7.3926,8.3954,1
6.7927,7.1273,1
7.7019,6.4748,1
-7.7219,-4.4178,1
7.9643,7.1487,1
-7.7817,-8.0389,1
8.6561,3.4231,1
-5.5228,-6.411,1
8.0663,7.7038,1
6.7875,4.3071,1
-8.3578,-7.2847,1
-6.4001,-9.2793,1
9.1868,7.676,1
8.5626,8.9282,1
-9.6296,-5.0983,1
7.0577,9.1338,1
-7.8698,-7.8072,1
4.2728,7.2399,1
8.511,8.0847,1
8.9964,5.7095,1
-6.8561,-6.9983,1
5.7939,9.9895,1
6.1869,10.229,1
6.1467,7.0075,1
-6.2331,-6.2059,1
6.2737,8.7025,1
-7.499,-6.1306,1
-5.8307,-9.174,1
6.5522,5.723,1
-9.9861,-6.1828,1
-8.2875,-4.9812,1
-6.6463,-4.0352,1
-7.5485,-6.4499,1
-9.2558,-6.595,1
4.8616,5.0113,1
7.3636,10.675,1
-2.803,-5.1391,1
7.2766,7.4816,1
-4.6487,-5.727,1
7.4405,4.9639,1
-7.0818,-6.4999,1
-7.6353,-5.3813,1
-7.3564,-9.0467,1
7.5335,3.2413,1
5.9894,6.8576,1
-8.5091,-7.5298,1
7.469,6.6826,1
6.6643,4.9778,1
7.4832,8.159,1
-8.976,-6.6479,1
-4.4422,-6.7045,1
5.3524,7.5431,1
7.9019,5.0138,1
4.445,8.6325,1
7.7395,4.5006,1
8.0502,5.6767,1
7.0358,8.1904,1
-6.5467,-5.6287,1
5.1151,2.3985,1
-8.5137,-6.4117,1
-7.8725,-4.7728,1
-8.2014,-5.9743,1
-9.0952,-7.6611,1
-9.9718,-8.2917,1
2.8545,6.2098,1
-6.9713,-9.1894,1
7.9764,5.921,1
-8.1646,-3.3107,1
-5.35,-8.6697,1
7.4287,6.2599,1
7.8777,7.0584,1
5.3385,5.1707,1
-5.063,-8.8749,1
-7.693,-7.0417,1
7.0363,6.0224,1
-5.6979,-7.7433,1
-6.9093,-9.089,1
-6.0825,-5.322,1
-5.0258,-5.5939,1
5.6577,13.623,1
-6.0961,-7.5925,1
-2.0399,-6.3922,1
-5.9541,-8.1107,1
10.773,4.9595,1
6.8358,7.873,1
7.0697,7.6629,1
-8.4609,-9.0097,1
8.4644,7.0629,1
6.6752,6.6664,1
7.5101,7.4691,1
-6.4554,-8.8136,1
8.1755,5.4577,1
-7.0409,-6.7269,1
8.2482,6.3286,1
4.6241,7.3746,1
-7.4072,-5.6531,1
7.2185,6.7794,1
-7.4329,-6.499,1
-7.5829,-7.0619,1
-5.0879,-5.6521,1
-7.1323,-6.9513,1
5.4247,6.945,1
-8.3896,-6.9209,1
-8.8855,-9.5403,1
-6.8462,-9.2996,1
-3.2572,-8.5306,1
-7.3926,-5.2201,1
-9.269,-9.4704,1
7.372,8.9626,1
7.3211,6.479,1
-6.094,-4.4483,1
-9.199,-9.4612,1
6.4218,4.3117,1
-7.1656,-6.3508,1
9.6363,6.8419,1
7.655,4.8561,1
-4.0338,-7.8555,1
8.6628,7.0235,1
-5.9485,-7.7653,1
5.2849,7.474,1
-5.7521,-3.9311,1
7.163,7.8187,1
6.3381,8.4164,1
6.5223,9.2125,1
7.1618,4.8498,1
4.1968,7.6162,1
-7.5644,-10.235,1
7.7583,5.7791,1
-8.7145,-5.633,1
-2.4306,-7.299,1
6.6074,5.4696,1
-6.6193,-5.6796,1
8.8758,7.3286,1
6.1556,6.2286,1
-5.287,-9.7994,1
5.4396,7.2509,1
11.265,4.559,1
-8.4415,-6.9659,1
-8.2698,-6.8106,1
-6.2146,-6.4357,1
5.8499,8.6641,1
6.2924,5.0196,1
-5.9713,-5.2636,1
-7.6616,-10.208,1
8.4532,8.1355,1
-5.7154,-3.899,1
4.6115,7.6936,1
9.3453,8.8505,1
5.4345,4.8081,1
8.1644,7.2035,1
-7.7147,-7.789,1
-5.8551,-7.4838,1
7.6362,6.0228,1
-7.5364,-5.1985,1
4.2795,7.0355,1
5.6966,7.3191,1
-5.6695,-7.4086,1
7.9178,4.3466,1
-6.4712,-5.5674,1
8.4495,6.3957,1
-7.4194,-7.552,1
5.3772,5.2164,1
-5.4557,-8.7813,1
-8.5371,-5.6873,1
7.0913,6.994,1
4.5487,5.4668,1
7.0067,7.8898,1
-8.6154,-5.9346,1
6.1933,7.3494,1
8.8508,9.3536,1
-7.3932,-5.7562,1
-6.602,-5.2873,1
-7.1161,-6.1047,1
7.4472,4.2085,1
-5.6764,-5.6892,1
-7.5166,-7.629,1
6.6486,3.8182,1
3.9776,8.4027,1
-9.1434,-7.0124,1
-6.7348,-8.6013,1
6.6852,4.8341,1
-7.1421,-6.4698,1
6.6371,8.6249,1
6.822,11.1,1
8.1257,7.1827,1
8.4819,4.1454,1
-4.8812,-8.1102,1
4.447,7.8078,1
7.4144,5.0763,1
-7.515,-6.8589,1
8.0507,8.3058,1
7.2758,4.3084,1
-8.8718,-9.2294,1
8.6476,6.7473,1
7.3261,8.3847,1
-7.7581,-7.3727,1
8.03,11.241,1
-8.2922,-6.5122,1
-8.6325,-5.887,1
8.1921,7.5346,1
6.3163,5.7069,1
-4.8006,-4.4111,1
6.6683,8.1145,1
-6.6967,-7.7707,1
-4.574,-4.6352,1
5.7688,7.2793,1
-8.1284,-6.629,1
-6.896,-8.8053,1
-7.8298,-8.8114,1
9.4392,5.4811,1
-8.2617,-6.8123,1
7.1078,8.2787,1
-5.4974,-7.4938,1
-8.4188,-9.1693,1
-10.17,-8.7351,1
9.1634,10.624,1
6.198,5.447,1
7.9642,6.1812,1
-8.2094,-8.6129,1
-6.4717,-8.8225,1
5.9856,6.2467,1
5.0246,4.3263,1
7.4411,6.4569,1
7.7715,4.8133,1
7.9037,6.4115,1
7.584,6.1336,1
8.1644,6.9572,1
7.3103,6.0394,1
7.8447,9.0569,1
5.2088,6.212,1
6.3092,7.8801,1
-6.9421,-5.5116,1
-6.2062,-9.4556,1
-9.5288,-4.3821,1
-10.636,-4.9066,1
-5.0093,-6.2128,1
-9.5238,-5.9655,1
-6.721,-6.8789,1
8.8302,4.5493,1
5.4779,8.8762,1
-6.5461,-7.546,1
6.4887,4.8474,1
-8.4457,-8.1199,1
5.1624,9.6159,1
-9.1906,-5.0497,1
5.9392,5.1388,1
-5.4642,-7.6288,1
6.1324,8.581,1
6.6099,10.194,1
-6.2409,-7.4385,1
5.5749,9.2987,1
6.8545,9.1784,1
-4.349,-5.9129,1
-9.6391,-8.4104,1
7.1172,8.275,1
6.3917,10.111,1
-6.9134,-3.4763,1
-6.4846,-7.8163,1
8.7466,5.8686,1
6.9841,10.28,1
-8.4369,-9.6513,1
-3.6806,-8.8485,1
6.566,5.7708,1
-8.8314,-5.6763,1
7.9115,5.8381,1
6.7823,6.4386,1
-1.7565,-7.2929,1
-6.7634,-6.4596,1
-6.22,-6.8377,1
9.1572,8.0619,1
-7.402,-7.7191,1
5.9335,9.4589,1
6.1195,6.3192,1
-4.5545,-5.6387,1
7.1916,8.1508,1
9.3366,8.5838,1
10.155,5.76,1
7.3136,5.7902,1
-7.26,-5.4434,1
7.9396,8.8479,1
6.3999,4.9166,1
-8.1264,-8.9779,1
-9.4324,-4.5575,1
6.9194,6.1727,1
-7.155,-5.5162,1
3.3792,5.9356,1
-4.8075,-8.5612,1
7.3703,8.5676,1
6.3706,8.2823,1
8.3307,7.4297,1
7.0185,7.3216,1
6.4625,9.7701,1
6.8163,7.0633,1
7.6871,4.4818,1
7.0969,6.4551,1
7.689,6.989,1
3.9312,6.3632,1
-6.9341,-6.5022,1
-8.2305,-10.034,1
-6.7482,-8.8187,1
6.1893,5.3901,1
7.6324,6.8306,1
6.8353,7.9011,1
-7.98,-5.33,1
8.7149,8.9818,1
-7.2682,-6.619,1
-8.906,-5.8569,1
6.1144,8.544,1
-9.3862,-8.8007,1
6.5663,8.6572,1
-7.6007,-7.9554,1
-6.2368,-5.5516,1
-5.9368,-7.923,1
-7.4505,-5.9632,1
-6.6996,-10.434,1
-4.9376,-3.2206,1
4.0803,9.9741,1
-8.7445,-6.3748,1
8.3275,7.5796,1
6.8371,5.8972,1
6.903,11.084,1
7.6178,6.5472,1
5.7786,8.8717,1
-9.1525,-11.029,1
-5.9677,-10.962,1
-8.4684,-7.9643,1
-7.3506,-8.6165,1
6.2951,8.4376,1
6.0949,8.6849,1
8.144,5.9245,1
-6.7148,-8.5433,1
-4.981,-10.347,1
-5.6738,-8.6559,1
4.0799,7.1939,1
6.5628,8.0929,1
-6.3682,-7.5277,1
8.758,6.8605,1
-7.3953,-7.705,1
7.587,9.2527,1
-3.6406,-7.6276,1
6.1622,6.8596,1
-7.3399,-4.1782,1
6.3743,7.6262,1
-5.7817,-2.0428,1
8.2009,7.8559,1
9.4077,10.93,1
5.6206,8.0016,1
-7.4762,-4.9003,1
-4.7693,-6.3518,1
7.617,3.3281,1
-8.353,-7.9681,1
6.9102,9.1121,1
8.9586,7.3638,1
-8.2556,-4.5245,1
-6.7117,-7.5712,1
-7.2185,-5.716,1
7.5918,6.0487,1
-5.809,-6.8019,1
-7.3889,-6.1634,1
-9.2488,-6.9891,1
6.7985,9.0436,1
-9.254,-5.8288,1
5.0455,7.3271,1
-10.302,-6.3673,1
-6.862,-7.1416,1
-6.1362,-7.9634,1
-7.6375,-6.7463,1
5.6229,8.5715,1
-7.7503,-8.0249,1
6.4325,8.8406,1
7.6347,7.6382,1
7.6092,5.5635,1
-7.455,-8.7475,1
-4.7876,-8.8797,1
5.9226,10.288,1
7.1326,8.5752,1
-8.7609,-7.9118,1
7.1674,6.708,1
5.3633,7.7326,1
7.4685,9.6127,1
5.2526,6.4472,1
-4.1691,-8.4125,1
-2.7144,-4.1178,1
-7.0763,-5.1394,1
-7.0488,-4.8798,1
5.5952,8.9201,1
7.5115,5.7223,1
8.8323,3.432,1
4.503,7.1277,1
-8.5426,-4.7478,1
8.2528,7.7612,1
9.4091,5.9717,1
-8.2027,-9.0993,1
-6.7497,-7.1902,1
7.6137,4.8942,1
6.4515,7.7294,1
-7.52,-7.2065,1
7.0896,4.8761,1
-7.378,-9.1091,1
6.6332,8.4811,1
7.9541,5.7407,1
-7.0808,-8.0544,1
6.484,6.2516,1
-6.7759,-6.9124,1
8.718,9.3264,1
-6.2634,-9.6848,1
4.5103,5.2911,1
6.4378,5.4506,1
-6.8956,-8.5803,1
-8.6069,-8.4908,1
7.9126,2.3469,1
-6.1242,-7.4138,1
-4.1441,-7.4627,1
5.6519,8.867,1
-8.4251,-5.8189,1
-4.7441,-6.0317,1
4.9246,6.2626,1
6.8588,5.7582,1
6.2921,7.1517,1
8.2115,5.5748,1
-9.0762,-8.4949,1
6.9681,9.0991,1
10.11,9.7718,1
-4.6847,-9.4761,1
7.8071,4.8387,1
8.8669,12.387,1
8.869,7.7693,1
8.5706,7.1073,1
-3.6434,-6.8318,1
-7.3454,-6.8636,1
7.8701,9.0556,1
-4.7159,-12.48,1
-10.067,-7.575,1
-7.0298,-7.5421,1
7.4611,8.0742,1
-9.0761,-8.7636,1
6.9881,7.5588,1
7.3856,4.9407,1
-8.1787,-9.0924,1
-8.757,-5.9264,1
5.0369,3.5409,1
8.5617,4.3446,1
6.1189,6.0802,1
8.0262,7.9233,1
8.1514,9.6914,1
6.2484,6.0414,1
6.2655,7.953,1
6.9161,5.9554,1
-5.2886,-6.5353,1
-8.3262,-5.959,1
9.1238,5.4317,1
5.1603,5.9834,1
6.9554,5.8557,1
-10.334,-6.7689,1
8.0839,5.4701,1
-8.1373,-8.4567,1
-9.343,-5.3919,1
-7.1886,-6.7299,1
-8.8702,-8.6834,1
6.5393,6.1808,1
-8.0406,-5.406,1
-3.9695,-3.9589,1
8.8301,9.3532,1
-8.2439,-6.2485,1
-6.4769,-9.3657,1
5.0228,7.1194,1
-3.1706,-5.208,1
-7.5361,-7.8309,1
-5.9848,-7.0569,1
-6.8135,-6.1728,1
-9.3559,-5.828,1
-7.0397,-6.9235,1
-7.5082,-2.8112,1
9.1552,7.794,1
6.1969,8.8574,1
-10.221,-6.7524,1
-7.3545,-8.6388,1
-6.4223,-1.6627,1
7.697,6.8189,1
-4.359,-8.6071,1
9.4399,8.0463,1
-8.0789,-8.1709,1
9.1901,5.8726,1
-9.0773,-7.8981,1
-5.8001,-6.0496,1
3.9684,7.5229,1
-5.2655,-5.8364,1
-7.8116,-8.8801,1
6.0302,8.3969,1
-7.7829,-7.9893,1
-8.2192,-8.644,1
-7.3812,-9.717,1
-9.0039,-6.5384,1
-10.338,-9.5885,1
7.7204,9.0308,1
-8.2222,-4.686,1
-3.4651,-4.916,1
-2.4975,-6.5301,1
4.8256,10.114,1
5.2072,6.3401,1
-6.6471,-8.0757,1
-10.05,-7.844,1
-7.5278,-6.4676,1
5.705,6.4865,1
-2.7207,-9.1796,1
-5.7969,-8.9083,1
-5.7885,-6.9087,1
-5.626,-7.0784,1
6.8361,4.7292,1
8.2995,6.0093,1
6.2672,5.7248,1
-7.4424,-5.8877,1
-6.366,-6.0647,1
6.7046,5.8092,1
-4.9764,-9.4106,1
7.3237,6.8252,1
-6.0095,-9.1434,1
-7.1416,-6.4073,1
9.1949,6.8705,1
-6.9687,-10.141,1
-7.2902,-7.2137,1
5.7094,7.1074,1
8.6306,6.7364,1
6.0248,6.4884,1
-9.529,-11.778,1
9.5529,6.4829,1
-7.8313,-5.5461,1
5.35,4.2894,1
8.635,9.2662,1
5.4795,7.4533,1
6.1923,6.3304,1
-6.9967,-6.1996,1
7.1667,6.4866,1
7.1595,7.2977,1
5.6827,6.013,1
-7.3743,-5.6616,1
-8.004,-5.2523,1
7.3062,8.0882,1
8.0137,9.173,1
5.7631,6.3519,1
6.3936,7.1333,1
8.1381,6.8672,1
8.2294,11.132,1
-2.9798,-6.3487,1
9.4471,6.2606,1
8.273,5.9467,1
-5.5291,-7.3243,1
-7.1953,-9.3368,1
-7.4936,-9.1563,1
-6.7048,-6.4831,1
-9.3831,-5.5905,1
5.4324,9.7626,1
7.5565,9.4768,1
8.2841,5.8166,1
7.3091,9.0623,1
7.3003,6.4114,1
-8.4491,-4.6813,1
-6.473,-8.7134,1
6.2441,6.7768,1
7.0253,5.8253,1
-6.16,-7.5878,1
-5.3532,-5.9781,1
7.556,5.5797,1
-7.5768,-7.0643,1
7.3367,6.3103,1
8.0016,6.8491,1
-6.7227,-7.3073,1
6.4123,5.779,1
8.0543,8.4648,1
5.6529,5.7382,1
7.5411,5.6059,1
-6.9664,-5.6181,1
9.1214,6.7738,1
-6.4583,-8.2722,1
5.9504,4.4785,1
6.6246,10.264,1
-7.9836,-6.8983,1
6.6052,3.5884,1
7.5559,6.4811,1
6.2159,7.7577,1
5.9907,4.3377,1
5.552,4.7717,1
-4.8742,-5.9881,1
4.6339,8.1503,1
-6.8278,-6.9382,1
8.4547,8.8547,1
-8.4912,-8.4011,1
-7.529,-8.5893,1
-5.1405,-7.9458,1
-7.7456,-5.6861,1
8.7338,6.6634,1
-7.2273,-6.6426,1
8.7995,5.2773,1
6.7724,3.8999,1
7.1776,-7.4735,2
-10.167,8.38,2
6.3333,-7.9294,2
8.7855,-4.8005,2
-9.2761,6.2986,2
4.2946,-9.003,2
-5.2726,8.7876,2
-3.295,5.9467,2
-6.3234,9.1744,2
-7.4192,7.8024,2
4.4895,-10.714,2
-8.4036,8.3492,2
-9.1677,8.4238,2
5.3017,-9.1183,2
9.3353,-5.1514,2
-7.5758,8.0421,2
6.5534,-9.6709,2
-5.6697,3.8272,2
-8.2787,7.9569,2
-4.7049,6.1036,2
-5.2928,7.8629,2
7.9567,-6.2813,2
8.7867,-4.1518,2
5.9111,-11.575,2
6.5775,-7.1495,2
5.8542,-6.9899,2
7.5953,-4.6545,2
7.4575,-6.4847,2
6.8523,-9.6331,2
7.1804,-5.7577,2
-3.8843,2.7324,2
10.225,-7.3568,2
6.2465,-7.2477,2
-5.9198,5.8389,2
5.9992,-8.6384,2
8.9044,-4.394,2
-5.9514,7.462,2
-8.1639,6.8371,2
-2.4075,8.3665,2
7.1614,-8.2478,2
-9.1281,7.5987,2
7.4355,-6.2884,2
-7.414,9.4221,2
-5.5272,4.4588,2
-5.8201,6.3745,2
-4.0666,5.4602,2
-6.6234,6.8726,2
4.729,-8.6514,2
5.4414,-10.177,2
-11.834,10.684,2
-11.417,8.2303,2
-6.8948,9.0633,2
4.7449,-10.961,2
7.537,-6.3853,2
-9.2957,9.4511,2
-5.6731,6.218,2
10.923,-2.9954,2
8.2018,-5.0535,2
6.3223,-5.2671,2
-4.9664,8.8806,2
5.8846,-9.3365,2
-8.999,5.9492,2
4.8915,-7.962,2
-4.4434,4.4693,2
2.6786,-7.9899,2
-6.574,6.2663,2
4.1899,-9.1032,2
-7.4759,6.0993,2
-0.43573,-14.853,2,,
-11.318,11.514,2
-6.9958,6.5671,2
7.8664,-4.8864,2
-9.634,9.4464,2
-7.4628,6.8194,2
-8.3136,12.002,2
-3.0389,5.2113,2
-7.2008,6.8578,2
7.492,-4.5371,2
-5.1272,6.6381,2
-7.6919,8.2891,2
-6.5861,6.6193,2
-7.0358,6.8735,2
5.8161,-8.1698,2
-8.9199,6.4155,2
-9.2515,10.03,2
7.9332,-7.1793,2
-9.366,8.8251,2
-4.0264,7.2482,2
-10.128,7.3615,2
5.6092,-6.7897,2
-3.4989,3.6719,2
-8.1328,7.6704,2
-4.0723,4.7993,2
1.305,-12.704,2
5.22,-9.8315,2
7.0571,-6.8307,2
4.5665,-6.8016,2
4.0112,-8.6352,2
12.188,-1.1645,2
-5.308,6.5242,2
6.8109,-5.2461,2
8.314,-9.6769,2
5.5321,-8.9018,2
-5.9197,7.7584,2
-4.7864,7.3461,2
6.3802,-7.8544,2
-8.9274,9.9969,2
-8.4226,8.9156,2
-7.708,7.0201,2
8.1355,-6.3661,2
4.5955,-6.2941,2
6.5551,-9.4599,2
10.867,-5.639,2
8.0996,-5.7989,2
11.453,-4.3506,2
-2.4785,5.2211,2
6.4111,-3.9144,2
10.901,-3.7034,2
10.664,-5.2415,2
-7.3937,8.1668,2
6.4972,-6.9707,2
-4.3129,6.8389,2
5.338,-9.4397,2
-5.3902,1.2006,2
9.9894,-3.1866,2
-1.3807,4.7472,2
9.0764,-4.5797,2
10.332,-2.8963,2
-1.6601,4.2574,2
8.8398,-5.7527,2
5.9443,-5.6377,2
-9.3925,6.7361,2
7.3371,-6.7216,2
6.301,-8.9714,2
-8.692,5.0321,2
-8.2742,7.7632,2
7.6236,-4.6278,2
4.1446,-10.481,2
6.5594,-9.3341,2
7.8862,-5.6607,2
-5.1101,3.1894,2
9.9297,-3.4456,2
6.4027,-7.8024,2
-4.3073,4.0978,2
-5.1115,6.9346,2
7.8828,-6.0535,2
10.627,-4.992,2
7.5011,-5.7704,2
6.6926,-5.828,2
6.5209,-4.5237,2
-2.2823,6.734,2
-7.3571,10.104,2
4.5205,-8.6267,2
-4.7975,5.9288,2
7.2088,-7.8083,2
-3.5882,8.2344,2
-7.3857,7.2761,2
6.9873,-7.117,2
-11.152,8.7006,2
-1.2233,5.0899,2
6.4968,-7.3596,2
-5.445,7.6048,2
6.1844,-6.7271,2
8.1877,-4.1618,2
-8.2134,8.556,2
-8.197,6.5531,2
6.5469,-6.2385,2
7.4441,-7.2115,2
5.0448,-8.4239,2
-6.3419,5.6536,2
-7.7908,8.9395,2
3.8196,-12.849,2
5.9783,-7.8554,2
-9.2756,6.2441,2
-8.0643,8.175,2
-8.0162,7.8117,2
7.9002,-2.7551,2
-6.0785,6.8236,2
-6.3582,7.144,2
-10.572,9.8523,2
-3.3453,4.1751,2
8.656,-4.223,2
5.2016,-8.8784,2
8.5393,-6.0497,2
7.3018,-6.4647,2
7.9574,-7.0009,2
-8.906,6.721,2
-11.938,7.7117,2
5.7414,-8.7133,2
-10.194,9.4447,2
5.9413,-8.5929,2
-1.1318,6.0786,2
7.5559,-6.5655,2
7.9162,-5.0337,2
-8.7855,9.9156,2
4.4024,-9.2927,2
8.2958,-5.4609,2
7.9417,-6.2261,2
7.0625,-6.6758,2
8.674,-2.7469,2
7.2523,-4.922,2
4.4089,-5.6895,2
-7.0033,8.2863,2
-10.002,9.5188,2
-9.9841,10.197,2
7.7479,-9.3206,2
-7.6856,5.1075,2
-4.4594,1.4391,2
5.3226,-7.1041,2
-5.9889,7.919,2
5.998,-6.5271,2
-9.4727,7.5308,2
5.6703,-8.5351,2
9.7837,-5.9172,2
8.5344,-6.0854,2
-8.6931,6.073,2
7.8724,-5.8588,2
7.9797,-7.6846,2
-6.7144,6.5727,2
7.4419,-9.3616,2
7.2423,-5.8668,2
-6.2232,5.1825,2
11.352,-2.3755,2
-7.9876,8.7182,2
6.4601,-10.601,2
-6.8274,5.8392,2
-5.1229,3.2395,2
8.8445,-4.164,2
-6.5325,6.0126,2
-1.8598,6.9038,2
8.7828,-8.5854,2
9.57,-4.2814,2
3.5351,-9.1839,2
-6.0775,6.1881,2
5.4254,-8.5029,2
-7.2922,8.894,2
-6.8826,8.3473,2
-8.2899,6.2908,2
8.0707,-7.3154,2
7.8518,-6.5896,2
-7.6993,9.4307,2
-6.2241,6.3026,2
-5.3285,5.3715,2
7.3052,-7.8851,2
-5.424,4.1894,2
7.7072,-6.9367,2
7.5766,-4.2518,2
7.2257,-8.8286,2
-5.997,2.0816,2
5.3897,-8.7981,2
-6.3385,2.7245,2
-7.3299,9.3805,2
9.0058,-6.2018,2
8.3775,-1.6669,2
-7.1441,8.6596,2
4.7345,-10.299,2
8.1464,-7.2449,2
6.6902,-6.9997,2
6.9062,-8.6415,2
-5.6321,6.3564,2
7.2778,-6.4326,2
8.11,-6.1015,2
-8.8043,9.7986,2
3.7425,-9.0507,2
5.0699,-7.623,2
-6.7056,10.229,2
-5.7726,6.7985,2
-9.3254,7.8615,2
4.4561,-8.0984,2
-4.6337,6.6077,2
-5.3918,5.7809,2
-6.7107,4.0807,2
-6.7631,6.6098,2
10.05,-3.5241,2
-5.5709,12.458,2
-3.6796,3.5119,2
5.5841,-6.249,2
-2.8867,4.3406,2
7.8061,-8.3812,2
8.4309,-7.5189,2
-8.7673,6.3839,2
-6.7805,4.9291,2
5.8609,-7.8581,2
-6.5239,6.0971,2
8.0743,-5.6262,2
3.9709,-8.876,2
-5.5246,7.2526,2
4.7577,-9.1164,2
7.8236,-10.092,2
-4.9115,6.5835,2
-10.698,10.441,2
9.2231,-4.1325,2
-8.0075,9.1206,2
-5.5207,7.2633,2
4.6258,-8.0977,2
5.3876,-7.4707,2
8.573,-6.8351,2
-9.2764,8.9719,2
-5.0976,5.1754,2
-4.0029,5.1997,2
4.3919,-8.9029,2
7.2477,-7.4689,2
10.168,-4.5516,2
-0.21462,2.5657,2,
-10.999,8.3461,2
10.317,-5.5276,2
7.2398,-9.2775,2
-7.6956,8.9153,2
7.599,-5.361,2
-6.1582,7.8939,2
8.131,-4.7058,2
-5.3817,4.5451,2
-5.8022,4.7126,2
-7.5037,5.9647,2
6.9507,-9.303,2
8.2543,-3.9836,2
9.7932,-4.2322,2
-9.0082,8.7091,2
7.6224,-6.1835,2
-5.7703,7.5249,2
7.1703,-5.505,2
-3.2508,6.6746,2
9.8465,-4.6991,2
-7.4182,6.8844,2
6.2393,-6.1512,2
-5.8374,2.7065,2
5.9678,-10.114,2
-11.255,6.3475,2
8.2437,-5.7195,2
5.5366,-9.123,2
10.038,-5.0094,2
6.4392,-5.2193,2
5.5822,-6.4804,2
-3.9617,4.3875,2
-13.097,9.4915,2
-2.4331,2.8069,2
7.663,-7.516,2
-5.7836,7.4715,2
7.3483,-5.0751,2
-8.1182,7.6325,2
-6.1699,7.0828,2
6.2622,-7.1501,2
-10.837,8.0161,2
6.8038,-7.4306,2
-6.595,5.9053,2
7.7948,-6.3602,2
-10.491,8.4036,2
6.3025,-6.5806,2
7.5722,-5.7705,2
5.3552,-8.8691,2
6.5011,-7.0895,2
-5.9385,2.8041,2
-5.5934,7.6704,2
-7.6439,7.5755,2
4.7644,-8.2851,2
3.2454,-8.6722,2
-6.3466,7.5856,2
-11.238,8.0823,2
5.8547,-9.3572,2
6.3458,-6.5323,2
-1.8827,4.3,2
-8.3773,6.6372,2
10.425,-5.0567,2
5.1903,-10.408,2
3.8357,-6.8087,2
6.5732,-10.217,2
8.6978,-5.8451,2
-8.2408,7.3171,2
10.139,-4.6768,2
-10.616,5.0658,2
-7.0911,9.6406,2
7.1212,-7.8438,2
-9.384,3.898,2
8.0976,-6.7257,2
8.6501,-6.9837,2
-6.6497,10.501,2
-10.093,8.3604,2
-6.1052,3.9427,2
-4.6166,6.2218,2
-9.4408,3.1429,2
-5.15,6.8252,2
7.9206,-4.6052,2
-9.2347,8.636,2
5.2266,-7.9633,2
8.9303,-3.0222,2
-7.1156,6.0856,2
7.5316,-7.6398,2
-4.7046,9.3295,2
9.6789,-3.6096,2
5.8149,-6.5536,2
-5.922,6.5723,2
-4.8769,7.5322,2
6.5953,-4.4258,2
-3.9038,2.4958,2
-11.296,11.798,2
8.2256,-5.9935,2
-7.8504,8.1976,2
6.2959,-10.028,2
-7.0532,8.0524,2
7.4407,-9.1448,2
4.8812,-7.6459,2
-6.6914,7.5574,2
7.777,-7.361,2
13.056,-3.2087,2
9.9207,-5.8968,2
-9.1412,8.6043,2
6.7588,-10.638,2
-7.0669,8.3777,2
8.1843,-7.4837,2
7.5161,-7.162,2
8.4992,-7.0761,2
7.0916,-7.3353,2
7.3131,-8.5638,2
7.6396,-5.7681,2
-9.3273,8.1588,2
6.5887,-8.4285,2
-7.4636,5.2324,2
10.718,-4.0113,2
7.3422,-9.0304,2
7.3063,-5.0604,2
4.0038,-8.1539,2
6.2321,-8.3659,2
-6.1866,6.5894,2
-6.649,6.6307,2
11.295,-4.8646,2
8.139,-6.6153,2
9.6538,-4.0836,2
-2.0695,4.2483,2
-7.983,11.213,2
-7.4435,5.892,2
-6.284,6.5389,2
-7.0339,9.5309,2
7.0097,-8.0647,2
-6.9776,6.9226,2
-5.9805,5.9893,2
6.4151,-7.8397,2
7.2567,-5.9826,2
5.0417,-9.3695,2
-4.5676,5.5818,2
-4.6203,4.2019,2
9.1063,-4.349,2
6.8138,-9.6924,2
6.8476,-6.4424,2
-12.011,8.7829,2
6.7831,-8.1881,2
7.4671,-6.5296,2
8.4419,-7.7955,2
8.6627,-4.5225,2
-3.5215,3.3611,2
7.2582,-4.1089,2
3.0379,-8.779,2
7.3451,-4.08,2
-5.7485,4.7065,2
-5.4017,11.581,2
5.2507,-9.3588,2
7.2567,-8.2402,2
-2.602,6.0794,2
8.35,-4.1585,2
-6.5671,6.6588,2
-8.2347,7.2369,2
5.2793,-5.2175,2
-0.53076,6.1741,2,
8.6429,-3.8691,2
-5.1332,4.82,2
-5.615,8.9707,2
10.503,-5.8256,2
2.3713,-11.062,2
6.4483,-7.8452,2
-7.7262,8.3555,2
7.7126,-5.9044,2
-9.5178,5.8165,2
5.7857,-7.6208,2
-9.8265,5.7647,2
6.9819,-5.5424,2
11.288,-2.5855,2
9.0962,-7.8388,2
-7.5614,3.9474,2
4.7654,-7.3758,2
8.141,-5.9687,2
6.4921,-7.7429,2
6.5558,-6.4127,2
7.5472,-3.3025,2
6.531,-6.6987,2
-7.4042,4.817,2
-2.2253,4.083,2
-7.9693,7.239,2
10.248,-3.8463,2
8.9906,-3.4101,2
4.4119,-9.4173,2
9.8057,-2.1537,2
8.7355,-5.2404,2
-7.8796,8.0961,2
6.3514,-9.136,2
6.0948,-7.6917,2
-7.6883,7.0633,2
3.1553,-10.052,2
8.3602,-6.5174,2
7.1349,-8.5791,2
5.7731,-7.2253,2
8.761,-5.5446,2
-5.3213,7.9971,2
7.4401,-6.545,2
-8.3195,8.8337,2
5.7292,-5.7211,2
-7.2733,6.081,2
5.8489,-5.8131,2
7.9232,-4.8728,2
7.9915,-8.9769,2
9.4542,-3.8066,2
-6.6446,7.6753,2
5.3297,-10.942,2
-4.1609,3.5702,2
7.7663,-7.5859,2
-7.4536,7.7242,2
-7.3529,4.5186,2
-6.1457,9.4648,2
4.79,-7.0571,2
5.4564,-8.4428,2
-7.5581,9.4956,2
-8.9125,6.7568,2
7.4659,-5.4363,2
-4.6486,9.6382,2
-8.148,5.542,2
7.0332,-7.9894,2
7.6804,-8.0353,2
-6.2138,7.7059,2
-9.0527,8.3619,2
-7.0632,6.3134,2
10.725,-2.7608,2
7.3809,-3.4543,2
-6.093,5.7884,2
-8.6639,6.8353,2
-3.3589,6.1287,2
6.3247,-7.3474,2
-8.599,7.2575,2
-8.8263,6.9643,2
-2.8716,1.286,2
-8.7835,8.608,2
5.8641,-7.054,2
-8.3369,4.6209,2
-7.8416,5.2469,2
-10.932,7.6874,2
-7.9158,9.5381,2
9.5329,-4.1746,2
-5.9635,4.2434,2
11.655,-1.0839,2
-5.4578,6.8844,2
5.7546,-6.1684,2
6.7457,-7.5681,2
-9.9388,8.3109,2
6.5678,-11.424,2
5.2807,-9.2094,2
-8.2541,6.9607,2
9.2213,-6.4515,2
3.5239,-8.6055,2
7.4431,-6.0983,2
-11.675,12.105,2
-3.1998,4.0107,2
8.6986,-5.4155,2
6.7981,-6.4192,2
5.8734,-9.6911,2
-6.0889,9.7811,2
5.9713,-8.572,2
7.2538,-2.9737,2
-11.315,7.0998,2
6.3731,-2.6644,2
-5.5448,5.4011,2
-5.4177,6.3386,2
-6.9013,7.4227,2
4.6626,-8.8817,2
-8.8027,9.9845,2
-7.7192,7.3298,2
-7.8747,5.1577,2
-6.8726,3.7113,2
-4.7952,4.7837,2
6.289,-5.3794,2
-5.8451,9.4483,2
-9.757,6.8492,2
-7.8849,7.7888,2
-4.6272,7.6399,2
-6.8461,5.0915,2
5.3045,-9.0997,2
9.8971,-9.0438,2
-7.284,9.6422,2
6.6488,-8.333,2
-10.984,9.5246,2
-3.0187,5.8777,2
-6.4405,9.5834,2
-6.1233,7.0236,2
9.0867,-4.0876,2
7.8725,-8.4631,2
6.0834,-8.6822,2
4.3121,-6.1001,2
-4.8615,7.3458,2
6.1477,-6.7921,2
-9.2346,5.6854,2
-9.7236,7.3912,2
6.177,-5.0898,2
6.4562,-10.064,2
7.6194,-5.3024,2
4.4872,-4.4038,2
4.6627,-11.624,2
4.9847,-6.366,2
7.941,-4.7816,2
-4.6736,6.005,2
-8.4938,7.3416,2
-9.92,9.4322,2
6.1128,-5.1553,2
5.4186,-6.8689,2
6.8851,-7.5637,2
6.8501,-6.1412,2
7.0178,-5.8144,2
5.2764,-9.3487,2
-7.9228,5.5581,2
9.4203,-2.4564,2
-5.8148,7.2073,2
-6.8489,6.6866,2
7.3959,-8.6181,2
-6.9939,11.859,2
7.1389,-8.3051,2
6.4834,-9.7084,2
-11.733,9.7603,2
6.3734,-5.5441,2
6.3063,-8.1658,2
5.1144,-8.4839,2
-5.7169,10.029,2
8.5127,-2.1654,2
-8.3409,6.1779,2
12.993,-3.0463,2
8.3502,-6.4072,2
-9.3848,7.6632,2
5.7201,-7.8695,2
-3.1318,5.0974,2
6.0055,-4.6643,2
7.9541,-5.0339,2
-6.7969,5.5526,2
-5.1729,3.7661,2
8.7294,-7.2475,2
8.7433,-4.4578,2
-7.2583,8.0035,2
-8.2974,8.1073,2
7.4311,-4.7722,2
7.1848,-7.7939,2
4.1461,-7.7469,2
-5.6347,7.9796,2
7.3084,-5.8211,2
5.5765,-9.3963,2
-7.1629,8.7504,2
-3.3004,5.1594,2
3.1772,-7.6879,2
10.597,-6.2668,2
-9.5116,8.8717,2
3.3259,-9.8833,2
-6.0838,5.6409,2
-4.2387,4.2527,2
-4.3251,4.7162,2
-4.6877,5.5325,2
-9.1531,7.042,2
-11.886,9.5527,2
10.358,-4.5246,2
11.614,-4.7204,2
6.2162,-4.6679,2
6.2111,-7.6142,2
-7.1268,9.9652,2
-8.0061,6.572,2
5.3406,-2.2555,2
6.2413,-7.1701,2
-6.6317,7.7183,2
-8.0963,6.8637,2
4.994,-8.6628,2
-7.6363,8.2565,2
8.5703,-6.9313,2
7.1723,-7.9122,2
10.858,-3.4965,2
6.1992,-9.3491,2
10.057,-4.3776,2
-4.2654,5.0233,2
7.2618,-7.7704,2
7.1126,-6.8248,2
-6.8992,8.592,2
8.5808,-4.0654,2
6.085,-6.6858,2
5.3703,-9.9929,2
5.0352,-9.8627,2
7.4596,-5.9718,2
-11.257,8.8656,2
-7.3791,9.3302,2
10.584,-5.7105,2
-7.4309,5.9969,2
-5.3373,6.3327,2
5.6858,-9.4747,2
9.0716,-8.2269,2
9.3233,-1.5877,2
7.7673,-4.5662,2
-9.5805,6.662,2
-10.956,11.452,2
6.23,-9.3367,2
-6.5665,8.4813,2
10.358,-5.3539,2
8.2332,-5.5023,2
-7.8558,8.1393,2
9.6887,-3.5679,2
-4.5371,2.5799,2
-7.2987,6.8361,2
-4.9149,4.9888,2
-5.8361,7.8549,2
8.5459,-5.593,2
5.5718,-6.7379,2
-11.546,8.3645,2
-10.138,9.3646,2
8.8407,-6.5402,2
3.6819,-6.9298,2
-6.4234,6.1098,2
5.8851,-4.5657,2
-9.7236,8.628,2
5.7969,-7.6132,2
8.5194,-4.4262,2
7.3589,-4.789,2
6.5547,-5.3986,2
-2.4971,3.4071,2
-8.6311,8.6853,2
-7.503,6.9668,2
11.177,-6.964,2
-2.8089,4.4245,2
-7.484,9.2611,2
-7.2462,8.2698,2
-6.764,5.5388,2
-5.7992,9.4925,2
-2.7244,2.2788,2
-6.2376,4.0286,2
-6.057,5.1673,2
7.0958,-7.569,2
9.9927,-7.6635,2
6.1815,-6.4978,2
5.8193,-3.7795,2
4.2668,-9.935,2
-4.9217,5.2863,2
-5.2032,4.2938,2
-6.9236,9.2956,2
3.6704,-9.6498,2
-9.2813,6.5711,2
-9.0124,6.044,2
8.858,-3.4936,2
9.0474,-6.9361,2
8.9849,-4.4238,2
-4.9849,6.4723,2
-9.4653,8.9875,2
5.7402,-8.6455,2
-4.2949,6.8699,2
8.1228,-3.1857,2
6.857,-9.787,2
7.0901,-4.8105,2
9.4819,-3.508,2
-7.1637,7.2109,2
8.2974,-6.5411,2
-3.9189,6.886,2
4.9402,-9.272,2
-2.5539,6.738,2
-6.683,6.1499,2
-9.2713,7.5812,2
-8.796,8.9228,2
6.2158,-6.8366,2
5.9287,-8.3515,2
-5.4511,4.4929,2
5.8902,-8.5514,2
-6.4118,6.5568,2
7.499,-3.3094,2
-6.2511,4.7865,2
9.0104,-6.6316,2
10.384,-4.0142,2
5.9948,-6.6562,2
-12.122,7.6936,2
-7.1687,7.1437,2
5.7285,-9.6634,2
6.9204,-7.2452,2
-7.3262,10.27,2
-7.1761,8.4899,2
-8.3845,7.7016,2
-8.4761,10.56,2
9.0277,-5.1295,2
-7.456,4.6997,2
6.0189,-7.8809,2
6.4074,-8.95,2
7.5062,-7.0721,2
9.1331,-4.7227,2
-6.3597,7.1227,2
-6.991,6.4119,2
-1.3371,6.8577,2
7.1225,-6.5749,2
-6.6673,7.14,2
6.9638,-5.2221,2
5.8557,-9.3802,2
4.5105,-6.8714,2
-7.6402,8.5537,2
-9.5708,6.7789,2
-3.2548,7.5101,2
4.429,-8.1569,2
-7.2612,7.9154,2
5.555,-10.976,2
7.2999,-4.7123,2
-8.6501,11.179,2
-10.08,9.914,2
-11.47,8.27,2
-11.211,9.56,2
-5.106,6.9451,2
-9.079,7.589,2
5.6497,-7.6714,2
8.4199,-5.7581,2
-10.757,7.4487,2
6.9889,-9.5957,2
-10.212,8.2665,2
-11.825,10.638,2
9.081,-4.6706,2
-9.5975,6.6744,2
6.8138,-6.3163,2
8.4877,-6.3744,2
8.4613,-5.1726,2
3.4023,-9.777,2
-8.1812,6.5336,2
-7.8887,4.8041,2
7.0601,-9.3865,2
-3.0584,8.9948,2
7.6197,-9.519,2
6.6543,-7.0614,2
-9.0015,8.8661,2
5.6887,-10.428,2
7.6496,-10.582,2
-5.3347,4.9686,2
-4.1038,5.5273,2
-9.0341,7.9011,2
8.7551,-7.6182,2
6.9423,-11.604,2
5.7508,-10.258,2
3.7614,-6.8946,2
-8.3884,7.8686,2
-5.5126,5.2231,2
11.368,-3.869,2
-8.8302,5.7503,2
6.3023,-6.5993,2
-2.234,6.3993,2
3.4718,-6.6924,2
-10.431,6.7651,2
-5.8115,6.2059,2
9.6019,-2.7356,2
-4.908,7.6914,2
-5.192,4.3049,2
-8.9241,6.7562,2
-8.9708,11.393,2
10.741,-5.2375,2
5.4577,-8.4369,2
-5.2134,3.309,2
6.6265,-8.0702,2
8.1992,-5.1301,2
11.591,-5.2944,2
5.716,-5.1155,2
-2.0228,4.3612,2
-6.2083,7.1591,2
5.1998,-10.104,2
-6.7964,7.0166,2
-7.7565,8.5099,2
8.6384,-5.1149,2
-7.175,6.62,2
-6.2613,10.739,2
-1.8755,8.7115,2
-4.6981,5.7405,2
-3.685,4.0539,2
6.7809,-4.9891,2
3.5686,-8.2187,2
9.7034,-2.9657,2
-8.9087,7.5849,2
10.358,-1.6513,2
-6.5251,7.503,2
-9.6099,7.1884,2
-11.64,10.226,2
9.9705,-5.1351,2
-7.8613,7.3244,2
6.1595,-10.546,2
-4.785,2.19,2
6.8466,-7.2912,2
-4.1791,4.54,2
8.1152,-4.6418,2
8.3577,-7.506,2
-8.1809,9.1469,2
-6.6955,7.211,2
-5.3049,6.4355,2
8.0877,-7.1037,2
-8.3864,5.1469,2
-6.8016,3.3934,2
-10.228,7.5968,2
6.1951,-6.9786,2
4.6774,-8.9212,2
6.9276,-6.8078,2
-4.0348,7.2701,2
-5.1746,7.9738,2
-7.7636,9.8048,2
6.5831,-6.7195,2
-5.1202,5.2486,2
8.779,-4.2945,2
7.8464,-7.1725,2
-7.7056,6.0166,2
4.9658,-7.2795,2
-7.0086,5.1558,2
-7.1884,4.3009,2
9.9561,-6.5778,2
-6.8844,7.5544,2
-9.1849,7.0563,2
-7.6171,5.4581,2
-5.9478,3.9029,2
-8.0036,7.118,2
7.6293,-3.8055,2
10.849,-3.0975,2
7.5233,-8.4716,2
-3.724,3.0009,2
-6.2426,9.6992,2
6.8087,-6.1996,2
-9.0459,7.2414,2
-8.3786,7.3846,2
-6.144,9.0633,2
-4.8617,5.158,2
7.7815,-5.6127,2
9.543,-6.861,2
-6.7715,5.4187,2
-7.5136,6.4564,2
-5.7089,4.9022,2
-6.0037,8.0602,2
-7.9105,7.4904,2
7.3622,-8.2987,2
8.3346,-5.455,2
7.5373,-8.004,2
-8.8262,11.363,2
-8.4325,6.4296,2
5.5887,-6.8918,2
6.9575,-2.3024,2
5.69,-10.54,2
-9.5747,8.6544,2
5.0913,-6.8416,2
-8.5757,11.003,2
3.5105,-9.3967,2
-5.0843,8.3242,2
5.2472,-7.7983,2
-4.6177,8.2036,2
5.716,-6.6137,2
-7.2399,8.827,2
-6.1054,5.2319,2
6.089,-4.5938,2
7.9778,-4.3671,2
-5.3693,4.8678,2
7.298,-3.8935,2
2.874,-10.49,2
-6.3025,5.732,2
5.9028,-5.5135,2
-11.55,6.336,2
8.5413,-3.2995,2
-3.646,4.8306,2
5.8414,-9.3556,2
7.3815,-6.8655,2
6.9261,-5.921,2
-8.7228,6.8296,2
4.9798,-7.0739,2
-7.8843,8.3025,2
-10.447,6.1566,2
-7.8333,6.2802,2
-8.2108,6.061,2
-7.9449,6.4404,2
-8.3881,5.4743,2
-8.9995,6.0606,2
-8.9113,8.8719,2
8.6895,-5.4573,2
-4.6159,5.561,2
8.8787,-2.3441,2
-8.8752,4.6447,2
-10.863,10.338,2
8.1183,-6.8885,2
-6.4227,6.2628,2
5.0468,-9.1382,2
-7.9381,2.7514,2
6.6247,-9.4853,2
4.4321,-9.6325,2
7.206,-6.3802,2
-9.3864,9.2221,2
-6.0172,5.7861,2
-6.7135,3.2186,2
7.2909,-9.5596,2
-5.3665,6.8065,2
-7.3779,5.3703,2
-6.3227,8.31,2
-13.451,7.9859,2
-4.8209,8.2032,2
7.3292,-3.6433,2
6.8699,-5.4386,2
-10.527,9.8287,2
-6.9593,9.0406,2
6.4027,-12.32,2
7.1945,-8.3108,2
7.8986,-7.8301,2
-6.0697,4.3334,2
-7.8349,10.657,2
-5.5371,6.2347,2
-8.0938,7.5252,2
5.3101,-7.5763,2
