2.796,0.73883,1
2.4664,0.14417,1
2.4855,4.5352,1
2.349,0.74206,1
2.7554,-1.5023,1
2.5639,3.768,1
2.1488,2.041,1
2.7732,1.1317,1
2.6462,3.66,1
2.2564,4.4364,1
2.6679,3.8271,1
2.8222,-1.7263,1
2.9402,3.9555,1
2.7664,-1.2131,1
2.913,2.5138,1
2.8506,3.0323,1
2.5104,3.7497,1
2.6389,1.0254,1
2.3055,4.5597,1
2.5942,4.4931,1
2.6309,1.8301,1
2.6172,1.9435,1
2.3999,3.2286,1
2.8305,-1.4173,1
2.4043,3.8816,1
2.3198,4.3297,1
2.3298,3.6555,1
2.7229,4.4823,1
2.4943,0.13432,1
2.3085,2.4943,1
2.2068,0.49329,1
2.7672,3.9047,1
2.5225,4.8128,1
2.4923,1.0329,1
2.9458,0.22173,1
2.5598,1.7104,1
2.4569,3.8108,1
2.9008,1.1506,1
2.7904,2.9888,1
2.4262,3.1658,1
2.4618,3.901,1
2.7964,2.4656,1
2.8435,1.2188,1
2.5906,3.624,1
2.7047,3.8009,1
2.7175,2.9039,1
2.8146,4.4766,1
2.3837,2.3879,1
2.6181,2.1557,1
2.6374,0.49132,1
2.8175,2.7014,1
2.5167,3.0064,1
2.5618,3.9866,1
2.6591,-1.1293,1
2.795,3.5247,1
2.7828,4.6226,1
2.8168,0.7528,1
2.8984,3.3081,1
2.7075,3.6236,1
2.3831,1.0384,1
2.3484,1.7601,1
2.7675,2.3391,1
2.402,3.0388,1
2.418,1.2372,1
2.9237,3.1922,1
2.807,4.1926,1
2.7572,4.5337,1
2.5246,1.2288,1
2.539,2.9803,1
2.3033,2.9662,1
2.1357,4.4159,1
2.6247,1.6556,1
2.4033,2.0853,1
2.8426,2.3436,1
2.7422,1.474,1
2.5057,4.1647,1
2.4211,1.2978,1
2.7246,1.2871,1
2.9132,3.0783,1
2.8295,2.8039,1
2.8042,2.2541,1
2.8218,2.6805,1
2.7707,3.0709,1
2.6064,2.6038,1
2.0228,0.42056,1
2.5581,1.9253,1
2.1784,-0.027372,1
2.831,0.89658,1
2.2035,4.1301,1
2.8495,-1.5741,1
2.797,1.8207,1
2.809,4.1945,1
2.6156,1.7329,1
2.7905,4.0384,1
2.756,2.8088,1
2.6644,-0.23225,1
2.5882,1.6657,1
2.7967,0.15241,1
2.6441,0.62567,1
2.3694,3.5174,1
2.8422,4.1985,1
2.6113,3.536,1
2.1278,3.6607,1
2.4325,1.1558,1
2.6426,0.18046,1
2.7708,3.9138,1
2.1027,2.2881,1
2.6901,4.2191,1
2.8825,1.9087,1
2.5355,2.1666,1
2.8292,0.6264,1
2.7369,2.5921,1
2.932,3.6203,1
2.5157,1.5154,1
2.8125,1.3693,1
2.7175,2.9409,1
2.4416,-0.33786,1
2.4857,3.1088,1
2.679,3.3433,1
2.7009,4.4355,1
2.7869,2.3186,1
2.6784,4.7368,1
2.8667,3.8422,1
2.4538,-0.30072,1
2.8665,4.2642,1
2.7494,2.2108,1
2.5662,-0.37361,1
2.7667,3.2147,1
2.1953,4.6737,1
2.5512,2.3639,1
2.2057,2.3131,1
2.4387,1.9757,1
2.2766,4.6217,1
2.4891,2.8756,1
2.4941,3.6047,1
2.5798,4.3606,1
2.6201,4.5694,1
2.6207,3.9832,1
2.807,2.2998,1
2.368,-1.4319,1
2.488,4.3931,1
2.7159,3.9091,1
2.6702,2.7648,1
2.81,0.0088101,1
2.7797,2.8286,1
2.7019,3.3272,1
2.3825,2.3566,1
2.8484,2.9028,1
2.6004,3.0697,1
2.5188,3.3299,1
2.8496,3.102,1
2.9316,4.3706,1
2.5912,1.0658,1
2.4375,1.7633,1
2.6291,0.67192,1
2.7592,3.2158,1
2.4247,3.0783,1
2.8709,2.4326,1
2.5952,2.3038,1
2.6346,4.2706,1
2.1408,4.0682,1
2.7793,4.2517,1
2.6276,3.8996,1
2.172,4.677,1
2.3691,4.5982,1
2.204,3.1464,1
2.7314,2.7711,1
2.8208,3.8067,1
2.3196,1.0171,1
2.8387,3.9381,1
2.4918,3.7046,1
2.891,2.9777,1
2.602,2.2676,1
2.5909,0.98296,1
2.8161,2.0722,1
2.2923,2.4075,1
2.617,4.0607,1
2.8424,4.088,1
2.2999,3.821,1
2.6386,4.238,1
2.8743,0.96677,1
2.597,4.8412,1
2.1169,3.3187,1
2.8107,4.7287,1
2.7662,4.8777,1
2.7986,-0.93048,1
2.6502,1.2045,1
2.9509,4.638,1
2.3845,2.0146,1
2.9546,0.49202,1
2.7139,2.8655,1
2.2405,3.0597,1
2.7238,2.9668,1
2.5708,2.5458,1
2.3764,0.73619,1
2.7705,4.1855,1
2.9738,4.2721,1
2.2378,3.009,1
2.8429,2.6671,1
2.3649,3.7724,1
2.2922,2.1044,1
2.2419,3.0881,1
2.5188,2.2057,1
2.386,4.0526,1
2.1521,2.7555,1
2.7068,4.094,1
2.4369,3.688,1
2.74,-0.65294,1
2.4054,1.7964,1
2.3868,4.6174,1
2.8581,4.9771,1
2.1108,0.49641,1
2.8196,1.1312,1
2.7644,1.1894,1
2.4403,3.7451,1
2.7716,3.3237,1
2.7898,3.4767,1
2.5554,-0.0095304,1
2.6798,2.3217,1
2.3489,4.5787,1
2.4558,-1.4384,1
2.392,3.6444,1
2.8884,4.2243,1
2.625,3.1465,1
2.7036,3.3506,1
2.7093,3.0043,1
2.7166,3.8649,1
2.4991,0.78027,1
2.1083,1.8447,1
2.4931,0.72811,1
2.3663,1.5914,1
2.5627,-0.5494,1
2.8319,3.4657,1
2.4017,3.6282,1
2.738,3.7672,1
2.6933,3.1784,1
2.4949,3.8767,1
2.6217,2.277,1
2.2098,1.083,1
2.5689,0.49837,1
2.5659,0.12143,1
2.8893,2.5293,1
2.4521,4.03,1
2.6681,4.608,1
2.3662,4.2948,1
2.5742,2.7575,1
2.5386,3.8215,1
2.7517,2.7786,1
2.8702,3.0852,1
2.7341,2.6134,1
2.7678,3.0977,1
2.3584,3.5146,1
2.7727,2.4393,1
2.4005,3.6187,1
2.6644,1.1553,1
2.5336,4.5403,1
2.804,3.5531,1
2.2724,4.0036,1
2.5636,3.2537,1
2.267,3.7192,1
2.5218,3.0506,1
2.7503,-0.81036,1
2.7309,1.3489,1
2.3148,0.81519,1
2.1816,1.5632,1
2.2197,2.7398,1
2.5166,2.6929,1
2.7305,2.9643,1
2.3416,2.8362,1
2.4432,-0.24588,1
2.5599,2.7427,1
2.4274,1.0054,1
2.4319,4.0479,1
2.6045,1.692,1
2.7369,3.5395,1
2.449,2.899,1
2.2926,3.7369,1
2.8207,3.9369,1
2.564,1.6192,1
2.438,0.37575,1
2.8257,-0.99225,1
2.8188,3.9139,1
2.4939,-1.3531,1
2.8335,1.9145,1
2.4105,1.5521,1
2.8417,-1.3606,1
2.4287,4.4062,1
2.1108,1.7009,1
2.8219,2.0103,1
2.6848,4.0788,1
2.0355,2.5893,1
2.6729,2.3945,1
2.8834,4.2785,1
2.5289,3.3291,1
2.1617,1.5299,1
2.1696,3.1937,1
2.9045,2.3892,1
2.6688,-0.98641,1
2.7763,1.5622,1
2.6886,-1.6364,1
2.7465,3.6843,1
2.36,4.1072,1
2.6771,2.3519,1
2.6164,-1.8376,1
2.5657,4.7307,1
2.8155,4.3136,1
2.4769,-0.54989,1
2.2254,4.5072,1
2.6467,0.9214,1
2.7631,0.030759,1
2.4339,3.0654,1
2.5482,1.4724,1
2.6143,-1.622,1
2.6391,1.1975,1
2.4836,3.8663,1
2.7129,2.7766,1
2.7502,-0.55041,1
2.6764,2.2487,1
2.6703,2.1192,1
2.6565,-1.258,1
2.6686,2.3123,1
2.9359,1.2604,1
2.4724,3.6129,1
2.4798,-0.038805,1
2.7302,2.5303,1
2.8891,3.4581,1
2.6397,4.4904,1
2.7224,1.3264,1
2.5686,3.5354,1
2.4475,4.531,1
2.5358,3.5132,1
2.1009,-1.6772,1
2.7537,0.082142,1
2.8381,2.0947,1
2.5309,3.2282,1
2.5889,4.1137,1
2.3002,4.892,1
2.5364,2.6948,1
2.5404,0.56784,1
2.7509,-0.52151,1
2.6815,0.9179,1
2.5585,4.2116,1
2.355,2.8426,1
2.4963,3.2005,1
2.7275,2.5308,1
2.2015,3.1902,1
2.2273,-0.93397,1
2.8239,0.33383,1
2.709,3.4887,1
2.4533,3.863,1
2.7326,2.0818,1
2.433,1.7455,1
2.5872,2.7324,1
2.846,4.1647,1
2.7807,1.5191,1
2.5996,3.8884,1
2.3678,4.1413,1
2.8241,1.4629,1
2.5847,1.4772,1
2.8625,3.6999,1
2.1131,1.71,1
2.3809,4.2691,1
2.8414,1.2327,1
2.5485,-0.31899,1
2.7111,4.6346,1
2.9143,3.9224,1
2.8884,-0.34074,1
2.612,3.8986,1
2.8877,2.7546,1
2.6521,1.6001,1
2.4383,4.2545,1
2.2986,0.14007,1
2.744,3.791,1
2.7577,1.4897,1
2.8407,4.3415,1
2.7169,-0.019682,1
2.7131,-1.2475,1
2.4772,0.74923,1
2.2344,4.4205,1
2.7396,3.1247,1
2.9105,4.3099,1
2.77,4.3039,1
2.8592,3.1712,1
2.8188,1.2924,1
2.8638,-1.1003,1
2.6252,0.4222,1
2.7144,3.9062,1
2.7805,4.4377,1
2.506,4.5674,1
2.5548,4.415,1
2.5149,4.7454,1
2.7126,0.85218,1
2.7435,3.1648,1
2.6695,2.9572,1
2.6964,3.8288,1
2.8094,2.5492,1
2.4862,0.081656,1
2.6238,1.5018,1
2.7138,2.008,1
2.7309,2.0697,1
2.6241,4.0144,1
2.5991,4.3923,1
2.8263,2.1143,1
2.4003,4.7697,1
2.7373,3.7036,1
2.9827,3.612,1
2.6435,2.1573,1
2.6413,3.3153,1
2.7158,0.55236,1
2.8707,3.8135,1
2.7903,1.8763,1
2.778,1.4583,1
2.2788,3.8569,1
2.3529,3.3859,1
2.5936,0.29653,1
2.7338,2.0357,1
2.4555,4.0682,1
2.3047,3.8412,1
2.9572,3.7071,1
2.374,-0.10058,1
2.319,0.42634,1
2.6968,1.2931,1
2.7217,1.5319,1
2.4675,2.3309,1
2.6219,3.8657,1
2.7779,-0.49725,1
2.7397,3.8245,1
2.628,-0.26229,1
2.3114,3.054,1
2.2001,3.3495,1
2.6908,2.1083,1
2.6521,2.172,1
2.7815,4.0638,1
2.902,0.94607,1
2.8421,-1.5386,1
2.8969,4.4548,1
2.3544,3.1036,1
2.7077,3.7063,1
2.8196,3.7876,1
2.8015,2.8645,1
2.7395,4.065,1
2.598,0.52361,1
2.5162,1.6947,1
2.3029,3.0833,1
2.5547,0.81496,1
2.4887,2.438,1
2.2634,1.4998,1
2.4117,2.3307,1
2.1019,-0.6492,1
2.4604,4.5649,1
2.3563,3.4253,1
2.9386,1.8555,1
2.6361,1.9905,1
2.4908,2.1957,1
2.2551,-0.628,1
2.1692,2.3996,1
2.9352,2.9667,1
2.0749,4.3943,1
2.5704,1.3921,1
2.2033,-0.69281,1
2.7439,3.0775,1
2.4679,3.7391,1
2.4233,4.693,1
2.4801,-0.0027805,1
2.7957,-0.25342,1
2.7386,4.4574,1
2.8315,4.0216,1
2.183,4.5254,1
2.4531,1.2409,1
2.59,1.5123,1
2.7537,4.0937,1
2.8805,4.5357,1
2.7599,1.0703,1
2.8291,4.4548,1
2.192,3.389,1
2.6094,3.7589,1
2.7379,4.0005,1
2.5489,-0.76753,1
2.2536,3.8416,1
2.7247,0.27042,1
2.4908,3.9929,1
2.8891,3.2602,1
2.8326,0.77404,1
2.6735,-1.0643,1
2.4338,0.30877,1
2.6728,3.6433,1
2.4562,3.56,1
2.3443,0.24763,1
2.529,3.3982,1
2.5117,2.5168,1
2.7692,3.593,1
2.7585,3.3746,1
2.8639,-0.66318,1
2.6438,4.0854,1
2.8017,2.0248,1
2.3359,1.7358,1
2.6091,-0.53312,1
2.7225,4.0379,1
2.8452,4.3315,1
2.6104,2.4456,1
2.6182,3.076,1
2.1987,3.2639,1
2.4035,1.2218,1
2.2707,3.9407,1
2.3957,0.91374,1
2.5078,-0.036135,1
2.6047,0.67212,1
2.3945,-0.72945,1
2.7429,0.87178,1
2.6129,1.5795,1
2.249,4.6698,1
2.6821,2.0856,1
2.8624,-0.020174,1
2.0142,2.4769,1
2.7313,3.8475,1
2.5986,0.85029,1
2.9507,2.0706,1
2.9394,4.1664,1
2.6813,1.1177,1
2.6108,2.4202,1
2.538,3.3983,1
2.4196,4.5568,1
2.7555,4.2374,1
2.6922,4.6734,1
2.6209,1.6043,1
2.8905,2.7884,1
2.5927,3.8052,1
2.1429,4.0359,1
2.4654,1.0203,1
2.5812,3.9443,1
2.7022,4.4018,1
2.8856,4.1307,1
2.6048,2.4742,1
2.3428,3.2183,1
2.4943,1.8423,1
2.7815,1.231,1
2.3368,3.0038,1
2.8212,0.51562,1
2.1546,1.5807,1
2.376,2.7566,1
2.6545,3.3567,1
2.8465,2.186,1
2.3521,-1.4359,1
2.5564,4.565,1
2.4494,1.6371,1
2.7528,1.3367,1
2.8867,1.8648,1
2.3613,-0.71109,1
2.4686,2.583,1
2.6513,4.6777,1
2.6108,3.5598,1
2.3317,1.69,1
2.9058,4.556,1
2.9012,4.2405,1
2.3195,1.1453,1
2.4568,1.2946,1
2.6901,3.6802,1
2.0585,0.94186,1
2.7972,-0.47955,1
2.4235,1.4255,1
2.6253,1.1466,1
2.333,3.6283,1
2.8668,4.8159,1
2.274,2.3461,1
2.7755,3.3195,1
2.583,0.77103,1
2.6614,0.61104,1
2.6423,2.0357,1
2.9306,3.7176,1
2.153,4.4667,1
2.638,4.2018,1
2.5214,2.5788,1
2.5265,1.9526,1
2.2659,3.3048,1
2.7549,-0.28838,1
2.4353,3.8475,1
2.4461,1.2118,1
2.8778,-0.18875,1
2.8608,3.7009,1
2.9091,2.2547,1
2.4096,1.163,1
2.3564,2.4799,1
2.5501,1.008,1
2.7388,-1.2542,1
2.2582,2.1065,1
2.7006,-0.023228,1
2.5974,2.5202,1
2.3451,0.24681,1
2.7821,3.7403,1
2.4262,0.7519,1
2.3667,3.7247,1
2.7988,3.9629,1
2.6775,3.7984,1
2.3909,0.43345,1
2.6015,1.0065,1
2.2772,1.1981,1
2.2289,3.5216,1
2.6825,4.7882,1
2.4783,2.3975,1
2.8506,1.0843,1
2.503,2.2165,1
2.5118,3.9995,1
2.8771,2.7446,1
2.6423,4.5335,1
2.8019,4.7236,1
2.6393,3.5822,1
2.848,0.72284,1
2.4869,3.3543,1
2.7078,1.7357,1
2.5496,3.933,1
2.5973,3.1743,1
2.6577,4.4896,1
2.5084,3.5811,1
2.6832,3.0504,1
2.214,2.852,1
2.6589,4.2366,1
2.8657,3.8121,1
2.8663,3.666,1
2.6046,2.2098,1
2.7052,3.4161,1
2.6707,1.3739,1
2.8084,0.80534,1
2.7265,3.7432,1
2.1648,3.9231,1
2.4751,4.0513,1
2.2189,2.0653,1
2.8476,1.2255,1
2.6092,3.4909,1
2.3121,4.0866,1
2.6804,4.3955,1
2.5241,3.3798,1
2.8508,3.8795,1
2.8912,1.6922,1
2.7887,4.0667,1
2.2696,2.1162,1
2.142,2.5662,1
2.6975,4.1363,1
2.4076,4.3754,1
2.437,0.95906,1
2.533,1.9378,1
2.7372,1.1032,1
2.0313,4.4168,1
2.7999,2.8438,1
2.8149,1.1323,1
2.7831,4.8607,1
2.7745,0.75483,1
2.8457,3.2074,1
2.5416,2.4599,1
2.8318,0.62441,1
2.6981,3.5337,1
2.6815,2.8048,1
2.8311,0.77717,1
2.6865,2.6449,1
2.63,3.7325,1
2.4128,4.2498,1
2.5093,3.7787,1
2.7696,1.7993,1
2.9691,3.0299,1
2.8159,2.3472,1
2.8842,2.869,1
2.8485,3.8105,1
2.884,0.33964,1
2.4558,4.1285,1
2.6475,2.0121,1
2.7076,2.1551,1
2.2634,0.42165,1
2.8747,-1.4945,1
2.7869,2.5278,1
2.3349,2.1625,1
2.2549,1.5752,1
2.7307,1.4087,1
2.5892,2.4298,1
2.7355,1.0059,1
2.8729,-0.53762,1
2.6552,3.5713,1
2.6159,4.7321,1
2.7619,3.7092,1
2.3992,0.94415,1
2.7407,0.41132,1
2.4825,1.874,1
2.6469,2.8192,1
2.2148,4.2237,1
2.5588,2.3293,1
2.6797,3.2559,1
2.7167,2.5124,1
2.1771,4.1086,1
2.594,2.1484,1
2.5278,2.3474,1
2.4783,4.193,1
2.266,-0.56947,1
2.7449,3.8225,1
2.8235,1.329,1
2.0517,4.3054,1
2.5237,3.3327,1
2.2972,1.6151,1
2.8521,2.2974,1
2.9626,3.979,1
2.2644,4.2973,1
2.6018,1.3103,1
2.818,4.7119,1
2.4398,3.2482,1
2.1336,4.3365,1
2.7708,1.5216,1
2.7465,1.4951,1
2.7246,4.3101,1
2.214,2.261,1
2.7604,3.8555,1
2.6936,4.1086,1
2.4322,3.8433,1
2.6874,2.8929,1
2.6965,2.3207,1
2.1937,1.2409,1
2.593,1.5625,1
2.7303,1.6246,1
2.8374,2.4661,1
2.3056,4.2479,1
2.5779,0.075034,1
2.9552,2.1818,1
2.724,1.8968,1
2.6041,4.6972,1
2.7034,4.8646,1
2.869,2.9583,1
2.7576,3.2667,1
2.6243,3.7629,1
2.4362,2.0495,1
2.2134,2.1077,1
2.8733,1.6695,1
2.5961,2.6235,1
2.6409,4.4632,1
2.1262,-0.16624 1,
2.8633,1.3957,1
2.3232,-0.23119 1,
2.2719,-0.85451 1,
2.8758,2.807,1
2.5622,3.9664,1
2.6093,4.4741,1
2.2181,4.4948,1
2.7418,1.7053,1
2.7212,0.64797,1
2.8282,4.1676,1
2.3565,3.9025,1
2.4577,3.7518,1
2.1814,4.1827,1
2.8308,0.33809,1
2.5806,2.8139,1
2.8712,3.565,1
2.6477,2.6901,1
2.5527,1.0868,1
2.6473,4.6201,1
2.6607,2.9306,1
2.3993,2.7773,1
2.5455,3.6556,1
2.6668,4.2255,1
2.588,2.7118,1
2.6156,3.1316,1
2.8268,0.46861,1
2.5359,3.8569,1
2.5216,3.83,1
2.2243,0.95992,1
2.6407,4.2553,1
2.8099,1.9962,1
2.8559,-1.1388,1
2.898,1.3772,1
2.5055,0.98271,1
2.6989,0.8101,1
2.7768,3.2946,1
2.572,3.279,1
2.5926,3.8156,1
2.6462,0.12387,1
2.4688,2.55,1
2.1107,-0.36065 1,
2.5142,3.0352,1
2.3426,0.94178,1
2.1302,4.359,1
2.6296,2.1458,1
2.4511,0.69288,1
2.698,1.5845,1
2.0962,-0.48818 1,
2.4538,1.6197,1
2.9035,3.8255,1
2.8956,-0.0073726 1,
2.5047,0.75748,1
2.3477,2.3786,1
2.9285,4.1424,1
2.6039,-0.13495 1,
2.5609,4.6181,1
2.8467,3.9793,1
2.7774,3.0502,1
2.4164,-0.7879,1
2.1402,1.8196,1
2.9316,4.5634,1
2.1775,2.1331,1
2.7002,3.6033,1
2.7055,1.2406,1
2.6113,4.0348,1
2.667,2.8817,1
2.4468,1.3128,1
2.1635,3.0761,1
2.5435,4.5854,1
2.376,3.9552,1
2.6686,3.2566,1
2.7529,4.4009,1
2.3593,-0.21628,1
2.2726,4.3943,1
2.4349,3.0767,1
2.4688,0.18559,1
2.5793,3.3275,1
2.6091,2.7754,1
2.3913,4.363,1
2.2744,3.9319,1
2.7693,1.7124,1
2.4355,0.8366,1
2.59,4.1301,1
2.324,3.1457,1
2.3014,4.7668,1
2.7637,1.923,1
2.9125,3.9332,1
2.2823,1.2989,1
2.6429,1.9199,1
2.5693,1.7971,1
2.7677,1.0569,1
2.5941,1.9352,1
2.4146,4.2722,1
2.7467,4.2251,1
2.8665,3.7201,1
2.5828,1.8298,1
2.4213,3.8065,1
2.6939,1.447,1
2.5747,4.2627,1
2.7288,2.6917,1
2.6012,-1.0988,1
2.7808,1.259,1
2.6167,2.9598,1
2.586,4.3586,1
2.4361,3.7523,1
2.3282,3.6308,1
2.5505,4.712,1
2.4931,4.1396,1
2.6808,0.86929,1
2.2144,1.6069,1
2.8608,3.213,1
2.2923,4.249,1
2.6571,2.9935,1
2.4512,2.1601,1
2.7437,4.5641,1
2.4006,1.3695,1
2.3957,0.62195,1
2.5637,1.9783,1
2.7913,2.6899,1
2.6971,1.6069,1
2.3518,1.4501,1
2.8062,0.20164,1
2.6511,-0.28793,1
2.2954,3.2051,1
2.9459,4.0786,1
2.4144,2.2166,1
2.3913,3.5617,1
2.7242,2.1273,1
2.3473,4.3967,1
2.4647,3.7843,1
2.8317,4.2468,1
2.864,3.1387,1
2.7923,1.8753,1
2.3061,3.2509,1
2.6634,2.0049,1
2.5853,3.7761,1
2.6688,4.0846,1
2.2284,4.1476,1
2.6958,-0.33788,1
2.3885,2.3491,1
2.7476,0.015819,1
2.6744,-1.1151,1
2.5978,0.86445,1
2.5982,3.5683,1
2.1338,0.35507,1
2.0553,4.327,1
2.2526,0.66893,1
2.8405,2.9907,1
2.5344,2.2038,1
2.8402,1.6809,1
2.1078,2.3384,1
2.6184,4.5676,1
2.9041,2.1079,1
2.2734,2.8958,1
2.1041,3.3131,1
2.8173,1.9114,1
2.6377,2.1891,1
2.9192,3.9706,1
2.7652,-0.24823,1
2.4968,2.8873,1
2.9198,1.5831,1
2.0773,0.33126,1
2.8339,3.8448,1
2.4883,1.5851,1
2.7998,2.2736,1
2.4367,-0.6884,1
2.5295,3.9349,1
2.6311,4.1172,1
2.5759,2.0614,1
2.4029,3.7456,1
2.1763,2.6262,1
2.5377,1.9427,1
2.6648,4.3196,1
2.7211,1.9931,1
2.6245,4.4114,1
2.8382,3.8254,1
2.7675,2.2932,1
2.7312,2.3981,1
2.6129,0.78487,1
2.8518,3.7404,1
2.4223,-1.3348,1
2.4393,1.1285,1
2.5114,3.9171,1
2.3208,4.0883,1
2.693,1.6673,1
2.6088,1.1195,1
2.7422,3.8209,1
2.8741,3.7629,1
2.9822,2.9637,1
2.7877,1.8111,1
2.7586,1.2645,1
2.4453,1.2596,1
2.5086,2.6654,1
2.7423,2.8786,1
2.7167,1.3561,1
2.6811,2.2534,1
2.8442,-1.3556,1
2.8175,3.1863,1
2.8477,4.1594,1
2.7145,0.2192,1
2.3377,4.4224,1
2.25,3.9412,1
2.7442,1.8849,1
2.6179,1.9103,1
2.9242,3.3575,1
2.3034,2.1775,1
2.8153,0.49495,1
2.4693,0.1259,1
2.3709,4.1914,1
2.1755,2.7578,1
2.3554,2.413,1
2.9444,3.3059,1
2.7289,0.032274,1
2.5067,3.4146,1
2.5409,3.7193,1
2.5543,3.2348,1
2.67,2.7812,1
2.4504,4.4148,1
2.7806,1.5485,1
2.7478,4.458,1
2.9849,3.4518,1
2.8472,0.73975,1
2.5707,2.3297,1
2.5353,3.3437,1
2.8758,0.11471,1
2.636,-1.5825,1
2.7939,3.8201,1
2.6941,1.5677,1
2.5161,3.8769,1
2.8801,2.8108,1
2.4351,3.0552,1
2.7256,3.1879,1
2.715,0.54044,1
2.8829,-0.40551,1
2.534,2.5701,1
2.6804,1.679,1
2.5447,4.6787,1
2.4875,1.7854,1
2.5296,3.9941,1
2.6314,2.7812,1
2.8614,2.2152,1
2.9126,3.9993,1
2.6185,3.2668,1
2.48,-0.65805,1
2.7621,2.7256,1
2.257,1.2407,1
2.7602,4.0886,1
2.5849,4.1061,1
2.834,2.3536,1
2.7624,2.3588,1
2.775,1.6184,1
2.928,2.1878,1
2.3416,4.7273,1
2.5621,2.2266,1
2.6624,0.65408,1
2.8591,4.1231,1
2.6945,3.796,1
2.1148,3.2092,1
2.2696,4.7103,1
2.154,4.6423,1
2.5317,2.9719,1
2.7933,4.5209,1
2.6756,4.5951,1
2.1747,4.0326,1
2.4989,2.9018,1
2.174,3.1315,1
2.7407,0.30966,1
2.3841,2.8045,1
2.2169,3.8484,1
2.8069,4.1037,1
6.006,1.4778,2
5.5645,1.2459,2
5.7851,1.4006,2
4.7575,1.1766,2
5.1578,1.7135,2
6.9356,1.4947,2
6.4703,1.4338,2
5.8911,1.1873,2
6.7721,1.587,2
5.8663,1.226,2
6.4095,1.6433,2
4.8757,1.513,2
6.4929,1.481,2
6.9886,1.2171,2
7.135,1.1977,2
4.3609,1.4565,2
5.4998,1.7186,2
6.7537,1.2855,2
5.7904,1.1912,2
4.593,1.579,2
6.7271,1.2232,2
6.366,1.4227,2
4.1391,1.2815,2
5.5957,1.6862,2
6.2301,1.4165,2
3.4233,1.463,2
5.5883,1.4899,2
6.0636,1.2401,2
7.0304,1.3406,2
6.2525,1.2904,2
6.8819,1.3937,2
6.847,1.5295,2
4.8903,1.5583,2
6.8101,1.5946,2
5.1828,1.4961,2
3.6682,1.3686,2
6.3293,1.1719,2
7.1706,1.284,2
6.7683,1.5187,2
4.1325,1.5763,2
5.2354,1.2569,2
5.3362,1.215,2
5.2476,1.4834,2
5.083,1.3497,2
7.1393,1.5816,2
5.806,1.5465,2
5.7066,1.3969,2
6.7584,1.4353,2
4.9696,1.3063,2
4.4899,1.3989,2
4.9641,1.2305,2
6.9033,1.3648,2
5.9749,1.264,2
6.0723,1.3636,2
6.6379,1.1414,2
4.7395,1.1429,2
4.091,1.3275,2
4.5283,1.4963,2
5.0407,1.6303,2
6.9963,1.3566,2
5.1546,1.418,2
7.0413,1.496,2
4.9261,1.3685,2
6.1867,1.4132,2
5.9462,1.6699,2
6.9451,1.3946,2
5.0169,1.4225,2
4.3202,1.4191,2
5.1913,1.4503,2
7.0686,1.3582,2
6.67,1.4137,2
5.6822,1.5476,2
7.0164,1.5724,2
6.492,1.5465,2
6.1451,1.4597,2
6.1624,1.5521,2
6.9343,1.0899,2
6.1143,1.4602,2
5.3122,1.4695,2
6.8493,1.2206,2
6.6545,1.5506,2
6.8626,1.2246,2
5.6409,1.6271,2
6.7724,1.5344,2
5.0644,1.4086,2
5.0956,1.4128,2
6.9486,1.3249,2
6.8195,1.3134,2
4.1473,1.1713,2
6.9107,1.4434,2
6.4877,1.3534,2
5.733,1.3905,2
6.2486,1.6075,2
6.5694,1.5904,2
7.1799,1.2091,2
5.6471,1.5766,2
7.0184,1.1664,2
4.3826,1.5468,2
4.5569,1.4436,2
6.2989,1.3725,2
5.6981,1.3924,2
4.7038,1.7269,2
5.011,1.1915,2
6.0253,1.6557,2
4.8133,1.3746,2
6.0461,1.5517,2
5.3544,1.5151,2
6.1088,1.2231,2
6.3379,1.5021,2
5.1943,1.4952,2
6.3557,1.4248,2
5.9717,1.3813,2
4.8424,1.2802,2
6.6663,1.5109,2
6.9051,1.0249,2
5.4761,1.1567,2
6.1427,1.6692,2
6.421,1.6279,2
6.6719,1.1635,2
6.4319,1.2887,2
4.1168,1.3055,2
6.6918,1.261,2
6.133,1.4531,2
5.7877,1.5039,2
4.8484,1.3112,2
3.7632,1.5843,2
6.688,1.489,2
6.7466,1.5828,2
6.0692,1.5606,2
6.3712,1.126,2
5.4855,1.3944,2
5.0075,1.3202,2
5.477,1.1898,2
5.7053,1.5526,2
3.5182,1.1888,2
3.8815,1.4704,2
6.7992,1.5267,2
3.706,1.6469,2
6.1213,1.541,2
5.7506,1.4114,2
6.8549,1.2905,2
5.5769,1.5071,2
6.0106,1.2294,2
6.2671,1.2791,2
6.6969,1.4072,2
6.7299,1.4763,2
5.875,1.4611,2
5.8235,1.4788,2
6.718,1.5562,2
4.2285,1.359,2
6.8684,1.4271,2
6.8581,1.3876,2
6.218,1.5132,2
3.3117,1.5029,2
6.2709,1.4935,2
6.1037,1.1672,2
5.5044,1.2334,2
5.9185,1.2071,2
7.0555,1.5094,2
6.8254,1.4926,2
5.9971,1.2407,2
5.5856,1.3293,2
5.6279,1.3877,2
3.3743,1.6607,2
6.5376,1.3273,2
6.6617,1.5606,2
4.9229,1.3447,2
7.1055,1.485,2
6.1085,1.2612,2
3.8303,1.4306,2
5.2021,1.2244,2
6.3097,1.384,2
6.8514,1.6123,2
6.2233,1.268,2
4.4242,1.1777,2
6.9927,1.3826,2
6.0146,1.3726,2
6.6951,1.3251,2
5.3321,1.2017,2
6.6212,1.458,2
6.2819,1.5063,2
4.2244,1.7086,2
7.0538,1.2811,2
6.9469,1.4003,2
5.4061,1.3478,2
6.9643,1.2546,2
6.7484,1.6096,2
3.8509,1.5659,2
5.3735,1.5291,2
6.847,1.3135,2
6.359,1.1038,2
6.8128,1.5031,2
6.1992,1.5321,2
6.046,1.59,2
5.9124,1.3891,2
5.6455,1.1717,2
6.647,1.38,2
6.0522,1.2885,2
6.5383,1.4279,2
7.1753,1.4839,2
7.1074,1.3522,2
3.96,1.1236,2
6.189,1.2393,2
5.3061,1.6319,2
6.8314,1.6047,2
6.3749,1.2351,2
5.3195,1.6506,2
5.4499,1.4441,2
5.3573,1.4971,2
6.5394,1.2654,2
5.5972,1.4633,2
4.4332,1.1216,2
5.8355,1.3925,2
6.7652,1.3137,2
5.8998,1.3008,2
5.7692,1.6976,2
6.1026,1.1675,2
6.2978,1.5345,2
6.857,1.3464,2
6.1462,1.2679,2
5.3586,1.2706,2
6.2967,1.5443,2
5.0581,1.1011,2
6.8405,1.5318,2
4.9489,1.3667,2
5.7261,1.5082,2
5.7855,1.2989,2
6.3755,1.2568,2
6.501,1.2751,2
6.2579,1.489,2
6.1616,1.4213,2
5.755,1.5414,2
6.0639,1.4939,2
6.139,1.2037,2
4.5756,1.6016,2
5.3322,1.5685,2
7.0342,1.2601,2
5.461,1.5233,2
5.4967,1.6376,2
6.5141,1.1652,2
6.5417,1.5314,2
6.4174,1.4998,2
5.9642,1.5784,2
5.6091,1.1427,2
4.6769,1.6556,2
6.8153,1.3701,2
5.6975,1.5151,2
6.1552,1.5968,2
5.3245,1.3187,2
5.6262,1.4654,2
6.9001,1.6695,2
6.815,1.251,2
6.2209,1.1342,2
5.8345,1.2704,2
5.8264,1.3677,2
6.1365,1.4897,2
6.4615,1.2292,2
7.0752,1.4395,2
5.7703,1.472,2
4.5908,1.4446,2
6.0564,1.5492,2
4.0172,1.3286,2
5.0184,1.3922,2
4.9539,1.3611,2
6.4731,1.1512,2
5.368,1.3063,2
6.4411,1.529,2
6.7419,1.3453,2
7.1324,1.4577,2
7.0206,1.4698,2
4.7143,1.372,2
5.295,1.3692,2
6.2619,1.5053,2
5.6737,1.4877,2
5.8477,1.7117,2
4.3946,1.3965,2
5.135,1.3619,2
4.6796,1.4882,2
4.9213,1.7149,2
4.7021,1.4409,2
6.2226,1.3521,2
5.1619,1.5886,2
5.1701,1.6529,2
6.8321,1.4812,2
5.0603,1.495,2
6.6511,1.6775,2
6.5033,1.4049,2
5.809,1.5191,2
5.4832,1.3065,2
6.4451,1.4406,2
6.5852,1.6057,2
6.0389,1.4891,2
6.7008,1.278,2
6.6899,1.5464,2
6.6229,1.3722,2
6.7533,1.4038,2
5.5694,1.165,2
4.9173,1.3405,2
4.9249,1.2344,2
4.572,1.3639,2
6.9131,1.2806,2
6.6924,1.5473,2
6.1437,1.5182,2
6.6485,1.4204,2
6.9644,1.4342,2
6.5748,1.4807,2
5.3873,1.61,2
6.4571,1.5326,2
5.5321,1.383,2
5.9478,1.6101,2
4.7651,1.4363,2
3.3832,1.6399,2
5.5816,1.2461,2
5.9088,1.5335,2
7.0059,1.3687,2
6.8903,1.526,2
6.6447,1.549,2
6.1722,1.4607,2
6.647,1.5316,2
5.2175,1.3889,2
5.6821,1.5093,2
5.4591,1.3867,2
6.8936,1.597,2
7.0035,1.5589,2
6.1588,1.4477,2
6.9877,1.2451,2
5.1916,1.2147,2
4.5605,1.3745,2
5.3523,1.3387,2
6.1221,1.1227,2
4.2536,1.0996,2
5.3718,1.3069,2
6.5411,1.3219,2
6.6596,1.273,2
5.7213,1.3961,2
5.4751,1.6339,2
6.6722,1.5332,2
5.7885,1.0764,2
5.1998,1.0547,2
5.3549,1.4575,2
7.105,1.2356,2
6.2861,1.5536,2
5.0568,1.5251,2
6.9015,1.5225,2
7.018,1.5574,2
6.719,1.4747,2
6.9365,1.6394,2
6.3058,1.4717,2
4.3421,1.2351,2
5.8008,1.5185,2
4.6921,1.3032,2
6.3781,1.3301,2
5.3834,1.3531,2
5.3936,1.4821,2
5.9442,1.5628,2
5.8573,1.2375,2
6.22,1.4754,2
6.484,1.6812,2
4.0472,1.3229,2
6.9793,1.23,2
5.5488,1.5255,2
4.0955,1.6738,2
6.2153,1.4889,2
5.1152,1.3897,2
4.2142,1.5736,2
4.8266,1.3737,2
5.5759,1.537,2
4.4253,1.5022,2
6.8536,1.4292,2
5.9502,1.4797,2
6.6121,1.2002,2
7.1953,1.3304,2
6.9677,1.2562,2
5.0761,1.2313,2
4.4617,1.1543,2
4.3129,1.5216,2
5.893,1.6397,2
6.5102,1.5111,2
5.9091,1.1004,2
4.0006,1.2133,2
5.6871,1.3672,2
7.1645,1.6305,2
5.4442,1.1306,2
6.9873,1.208,2
3.3978,1.4864,2
3.8243,1.4567,2
5.3541,1.4591,2
6.2505,1.3995,2
6.3982,1.533,2
6.0947,1.2788,2
4.9433,1.4865,2
5.824,1.338,2
4.7063,1.3917,2
4.5698,1.3489,2
5.5757,1.135,2
6.3384,1.6206,2
6.9999,1.4326,2
4.6877,1.172,2
4.7442,1.0706,2
6.6329,1.2505,2
6.8323,1.3507,2
5.0952,1.4186,2
6.6132,1.3558,2
6.2956,1.5872,2
6.4874,1.3057,2
5.7325,1.4255,2
5.328,1.2875,2
6.3998,1.5134,2
6.1971,1.5829,2
3.5739,1.1653,2
6.4907,1.3918,2
6.6776,1.251,2
4.8913,1.2795,2
6.4902,1.5976,2
4.7752,1.4424,2
6.0645,1.4342,2
4.3797,1.3118,2
6.7665,1.3816,2
6.237,1.6495,2
5.7926,1.3849,2
5.2523,1.4083,2
7.0378,1.3926,2
3.5557,1.2388,2
6.0896,1.3531,2
4.1975,1.7038,2
6.2638,1.2959,2
5.6462,1.1809,2
4.7411,1.5142,2
6.7722,1.3985,2
5.1275,1.1382,2
6.2825,1.5828,2
6.8363,1.5308,2
7.1192,1.3597,2
5.5361,1.4781,2
7.0326,1.6867,2
6.6235,1.4153,2
5.8133,1.4181,2
5.3823,1.3261,2
6.9944,1.5395,2
6.2655,1.5998,2
6.5803,1.2749,2
6.6887,1.1872,2
6.9106,1.2908,2
6.6645,1.4942,2
4.9704,1.2932,2
5.8784,1.4951,2
6.1153,1.5251,2
6.03,1.4695,2
6.6081,1.4009,2
6.8112,1.1873,2
5.6475,1.3384,2
6.8509,1.3805,2
5.8719,1.3217,2
7.1515,1.458,2
6.3428,1.3007,2
6.3858,1.3792,2
6.2236,1.6792,2
3.316,1.3086,2
6.8105,1.5115,2
6.5475,1.2582,2
4.8299,1.2153,2
6.2615,1.2651,2
7.1811,1.5705,2
6.734,1.4851,2
5.7577,1.6224,2
6.0776,1.1984,2
7.0285,1.1316,2
6.9809,1.4958,2
6.8057,1.3258,2
5.4266,1.6602,2
6.2978,1.1786,2
4.4457,1.2131,2
6.7438,1.3845,2
6.6691,1.3637,2
6.9454,1.1526,2
4.6059,1.1683,2
5.1841,1.6355,2
6.4663,1.3152,2
6.2771,1.4349,2
3.9039,1.3792,2
4.7557,1.3582,2
5.7267,1.298,2
4.1504,1.5275,2
3.7389,1.5629,2
5.7451,1.4505,2
5.2632,1.2167,2
3.4552,1.2403,2
6.3266,1.3079,2
5.8397,1.5145,2
4.5376,1.5632,2
6.989,1.6218,2
3.7366,1.0338,2
5.1352,1.4128,2
4.2722,1.2313,2
5.2413,1.2238,2
6.2112,1.3634,2
6.8244,1.4806,2
6.4221,1.1745,2
6.206,1.2735,2
6.4195,1.5614,2
5.6566,1.3997,2
5.642,1.3414,2
4.5132,1.1273,2
7.0114,1.2139,2
5.7452,1.5726,2
6.7349,1.2047,2
5.2256,1.2699,2
4.3838,1.633,2
6.2706,1.2979,2
5.1903,1.1861,2
6.7795,1.3579,2
6.6154,1.355,2
6.4725,1.4861,2
3.5047,1.0626,2
7.1395,1.3467,2
4.9561,1.0177,2
6.205,1.4656,2
6.5313,1.1856,2
6.8026,1.5893,2
6.2006,1.6399,2
5.7448,1.1067,2
4.8643,1.3633,2
5.404,1.2583,2
6.3466,1.2934,2
4.6557,1.5137,2
5.7826,1.7137,2
4.873,1.4658,2
5.7863,1.4205,2
4.3987,1.1585,2
6.7786,1.3074,2
6.9608,1.2536,2
5.8999,1.5496,2
6.5996,1.1808,2
4.5798,1.4364,2
5.6739,1.2459,2
6.4042,1.3283,2
6.4069,1.1448,2
7.1737,1.1943,2
6.4018,1.3534,2
4.661,1.6528,2
5.2457,1.5759,2
6.9677,1.47,2
6.7778,1.5055,2
5.575,1.2635,2
3.3097,1.6509,2
5.2823,1.3223,2
6.0456,1.5031,2
6.2176,1.5867,2
3.8864,1.433,2
3.8474,1.4942,2
4.9123,1.4631,2
6.5089,1.3177,2
4.635,1.3103,2
5.6002,1.1512,2
4.2117,1.5585,2
5.5646,1.3729,2
6.4662,1.5332,2
5.6965,1.3027,2
5.7599,1.4594,2
5.0278,1.6028,2
5.6715,1.5297,2
4.3869,1.2452,2
6.4479,1.4403,2
6.7084,1.5415,2
5.9399,1.5474,2
5.9225,1.4495,2
5.1407,1.0479,2
5.5362,1.347,2
5.5155,1.4895,2
6.943,1.2328,2
5.3721,1.2412,2
3.6789,1.5527,2
5.1812,1.6289,2
5.9868,1.1347,2
6.1645,1.4886,2
6.5966,1.5693,2
4.752,1.3469,2
4.2012,1.436,2
6.1629,1.4115,2
5.9549,1.4179,2
4.4529,1.1985,2
5.9457,1.3108,2
4.4454,1.0623,2
4.5918,1.1941,2
5.3369,1.3868,2
7.0549,1.191,2
5.57,1.3057,2
6.0084,1.1048,2
7.0114,1.4912,2
4.2995,1.5645,2
6.5575,1.6447,2
6.9296,1.4264,2
3.4716,1.492,2
3.8517,1.4276,2
7.1083,1.2624,2
6.9388,1.6998,2
4.5751,1.3542,2
7.0549,1.6084,2
7.0394,1.5856,2
5.6713,1.7456,2
5.753,1.4728,2
6.5992,1.5967,2
6.5084,1.4881,2
7.0081,1.4632,2
6.128,1.3574,2
6.4249,1.6347,2
4.7373,1.3125,2
6.2228,1.4766,2
6.8676,1.1085,2
7.1597,1.5798,2
5.6247,1.1036,2
6.8627,1.4634,2
4.9552,1.2288,2
3.5473,1.4625,2
5.427,1.648,2
4.8512,1.1055,2
6.8844,1.4144,2
6.0761,1.4298,2
6.0495,1.4631,2
4.2889,1.6475,2
5.8165,1.4539,2
7.0128,1.1358,2
4.2792,1.6639,2
4.0041,1.6735,2
6.1403,1.196,2
6.0973,1.2238,2
6.6527,1.2025,2
4.3293,1.6794,2
6.7702,1.421,2
5.4496,1.3884,2
5.1686,1.5371,2
6.8713,1.2136,2
4.2913,1.5288,2
7.1107,1.2135,2
7.1362,1.2453,2
4.1793,1.5264,2
6.7605,1.4542,2
4.3202,1.3815,2
6.2773,1.3178,2
5.8388,1.4127,2
6.3466,1.3504,2
4.3735,1.6338,2
6.0097,1.6644,2
6.8695,1.3526,2
6.4952,1.2815,2
6.855,1.562,2
6.2646,1.2098,2
6.3491,1.4493,2
5.7473,1.5073,2
6.299,1.2049,2
5.5281,1.6605,2
6.3027,1.4055,2
5.9169,1.4071,2
5.998,1.3404,2
5.3813,1.24,2
4.9918,1.6011,2
6.387,1.557,2
5.5228,1.4048,2
6.9705,1.4122,2
6.4296,1.1358,2
4.1407,1.4186,2
6.6076,1.5053,2
6.379,1.2602,2
5.7479,1.5245,2
5.0794,1.5825,2
5.2692,1.3604,2
6.8074,1.3992,2
7.0142,1.5679,2
6.436,1.4607,2
5.0713,1.3507,2
4.6323,1.4742,2
5.5057,1.246,2
6.2404,1.2435,2
7.0289,1.4268,2
5.8486,1.6715,2
5.5037,1.2696,2
7.1986,1.5397,2
4.8426,1.5523,2
4.5591,1.4433,2
5.6989,1.5527,2
5.4533,1.3613,2
6.1441,1.5672,2
5.0431,1.4039,2
5.8497,1.5778,2
6.6751,1.1861,2
4.7148,1.6175,2
6.9191,1.2914,2
6.2991,1.4295,2
5.3876,1.5495,2
5.7577,1.2648,2
3.3158,1.6086,2
6.9535,1.1055,2
5.3183,1.3474,2
6.9276,1.134,2
6.7576,1.2864,2
5.0058,1.4906,2
6.1217,1.2328,2
3.9616,1.3856,2
6.7035,1.082,2
6.8954,1.4053,2
6.2536,1.3534,2
5.4414,1.5684,2
6.109,1.7009,2
5.4492,1.4501,2
4.8863,1.3734,2
7.1132,1.4857,2
6.9783,1.3194,2
6.9794,1.3713,2
6.3846,1.108,2
5.1524,1.5174,2
6.1095,1.5535,2
4.8768,1.4382,2
5.4878,1.6392,2
5.8885,1.4913,2
5.1488,1.4423,2
4.9083,1.4411,2
4.4337,1.4133,2
6.2057,1.3915,2
6.7192,1.6234,2
6.8184,1.1724,2
6.1233,1.6634,2
6.1915,1.0968,2
5.5809,1.6533,2
5.9958,1.1631,2
6.4363,1.5423,2
6.5748,1.063,2
6.1126,1.5603,2
5.2407,1.3213,2
6.9603,1.5616,2
4.5415,1.4953,2
6.4738,1.5652,2
5.0791,1.631,2
5.082,1.1891,2
6.3168,1.2997,2
5.1364,1.5594,2
5.8183,1.4059,2
6.4489,1.3302,2
6.8882,1.3534,2
5.9123,1.1154,2
4.6913,1.2697,2
6.9523,1.504,2
4.808,1.4919,2
5.5693,1.2633,2
5.2486,1.5062,2
6.9429,1.5925,2
5.6448,1.2076,2
6.1986,1.4983,2
4.7467,1.6395,2
6.3967,1.1507,2
6.112,1.1987,2
5.5821,1.6851,2
6.9246,1.6736,2
7.1925,1.6476,2
6.9104,1.521,2
6.5601,1.5557,2
5.724,1.6114,2
6.2767,1.535,2
6.3508,1.0963,2
4.5659,1.4802,2
6.728,1.1033,2
6.2397,1.476,2
7.0705,1.6591,2
5.7724,1.6192,2
5.8114,1.5993,2
6.6654,1.4812,2
6.8702,1.2019,2
6.5209,1.6028,2
4.035,1.4743,2
6.3927,1.3208,2
6.385,1.4783,2
6.9553,1.4037,2
7.0441,1.4891,2
6.7348,1.5169,2
6.3537,1.2794,2
6.9407,1.3408,2
4.9295,1.1895,2
5.6395,1.5266,2
5.6761,1.2576,2
4.6626,1.5854,2
6.3958,1.5984,2
5.2973,1.2771,2
6.093,1.2528,2
5.1102,1.6634,2
4.7874,1.5844,2
6.2237,1.6521,2
4.5756,1.267,2
7.1936,1.4616,2
5.6963,1.0691,2
5.4953,1.3606,2
6.8686,1.0982,2
7.2036,1.5868,2
6.7497,1.6507,2
5.9254,1.3609,2
4.8337,1.4255,2
5.3878,1.4329,2
7.0992,1.5053,2
6.6968,1.4219,2
4.8591,1.2449,2
6.0581,1.6723,2
6.6091,1.4609,2
4.0279,1.278,2
7.0147,1.5059,2
6.8204,1.5217,2
6.9546,1.5306,2
6.1033,1.5919,2
4.3418,1.1808,2
6.2359,1.2848,2
5.3579,1.5563,2
4.7235,1.3888,2
5.719,1.1002,2
7.0051,1.2933,2
4.9902,1.6806,2
6.5961,1.2441,2
6.8507,1.5414,2
3.9679,1.575,2
6.5045,1.3061,2
6.7199,1.2105,2
4.8512,1.056,2
6.4529,1.6102,2
5.5325,1.2971,2
4.6002,1.4447,2
5.7034,1.3439,2
5.6131,1.521,2
4.1576,1.194,2
4.7079,1.3306,2
3.703,1.3318,2
5.5051,1.4756,2
6.4123,1.3761,2
4.6091,1.4673,2
5.8611,1.5607,2
5.6891,1.6687,2
7.036,1.3804,2
6.3669,1.352,2
5.4657,1.1765,2
5.8076,1.5486,2
6.8989,1.2484,2
7.0438,1.1388,2
7.1267,1.4682,2
6.5611,1.4516,2
6.8285,1.2511,2
7.0719,1.4112,2
5.8741,1.4342,2
5.9649,1.2763,2
4.7325,1.5395,2
5.3046,1.3663,2
6.2869,1.2143,2
5.449,1.4495,2
5.4055,1.5523,2
6.7509,1.2867,2
6.8724,1.3235,2
6.743,1.1586,2
5.0856,1.5351,2
6.4541,1.0733,2
3.89,1.5636,2
6.2396,1.2125,2
6.32,1.3077,2
6.5923,1.4676,2
4.7629,1.4194,2
5.9823,1.3166,2
5.9145,1.4414,2
6.657,1.5611,2
4.5899,1.7056,2
6.6799,1.2381,2
3.8874,1.0084,2
7.0792,1.3823,2
5.9315,1.6659,2
4.4119,1.2774,2
5.9699,1.5023,2
6.5644,1.1355,2
5.4772,1.4471,2
6.0039,1.3143,2
3.8424,1.5572,2
6.8504,1.261,2
5.0979,1.2738,2
6.8666,1.1947,2
4.3322,1.4257,2
6.1865,1.6255,2
5.6608,1.2723,2
6.9936,1.118,2
3.9373,1.3411,2
6.5094,1.4572,2
6.756,1.29,2
5.2956,1.7066,2
6.1981,1.2451,2
5.4083,1.4712,2
7.0203,1.3484,2
3.8554,1.3119,2
7.1733,1.3371,2
6.7653,1.6484,2
6.932,1.6547,2
6.074,1.3586,2
5.5372,1.2278,2
5.4408,1.3405,2
5.9789,1.6676,2
6.3132,1.3706,2
6.3781,1.2287,2
6.077,1.6108,2
6.2755,1.5353,2
6.247,1.3978,2
7.127,1.4954,2
5.7348,1.5926,2
6.5675,1.5536,2
4.6742,1.4992,2
5.4919,1.3,2
4.4413,1.2689,2
5.8274,1.4087,2
6.4443,1.4574,2
5.5638,1.679,2
4.2963,1.5042,2
4.9931,1.4395,2
6.8772,1.4099,2
5.6631,1.2423,2
5.0577,1.4382,2
5.2233,1.3677,2
6.7806,1.4906,2
6.8472,1.5569,2
6.7694,1.5941,2
5.5389,1.3266,2
4.3336,1.5493,2
7.0077,1.5178,2
4.3194,1.6747,2
5.9288,1.4941,2
6.1206,1.2531,2
5.6486,1.454,2
5.108,1.1145,2
5.7864,1.3434,2
5.6983,1.1649,2
3.8892,1.5634,2
6.7978,1.3487,2
7.118,1.2359,2
6.31,1.6861,2
6.8814,1.2892,2
7.0586,1.3846,2
5.0133,1.3658,2
4.5747,1.3848,2
7.0098,1.481,2
5.261,1.6408,2
6.2363,1.1434,2
5.8295,1.3522,2
4.7537,1.4171,2
5.0103,1.3861,2
6.2941,1.4472,2
6.0402,1.5483,2
7.0509,1.1338,2
6.4445,1.3058,2
5.9759,1.4646,2
5.5204,1.5346,2
6.7743,1.6656,2
5.7074,1.2263,2
6.5302,1.387,2
6.3515,1.6529,2
4.5537,1.4384,2
4.5907,1.3268,2
6.3843,1.6473,2
6.6339,1.3408,2
6.4419,1.3351,2
4.2059,1.3068,2
4.4007,1.3506,2
6.9907,1.6009,2
4.4877,1.3049,2
3.6858,1.3761,2
5.9246,1.6908,2
4.4938,1.4416,2
6.2036,1.7049,2
6.2037,1.1218,2
6.8878,1.5384,2
5.3923,1.6307,2
3.6663,1.4474,2
6.0358,1.6591,2
4.4385,1.0993,2
5.7027,1.4064,2
5.2505,1.1696,2
4.452,1.3393,2
4.6785,1.229,2
6.0892,1.2414,2
6.3932,1.5713,2
6.2008,1.2711,2
6.9858,1.2222,2
6.2586,1.2523,2
4.7016,1.4341,2
7.206,1.3794,2
4.6949,1.542,2
5.383,1.4374,2
6.7591,1.0916,2
5.4849,1.3255,2
5.7495,1.3529,2
5.7409,1.398,2
6.9116,1.4712,2
4.5372,1.4746,2
6.1573,1.4326,2
5.3437,1.4455,2
5.9595,1.3307,2
6.8894,1.6252,2
5.8584,1.7,2
4.9489,1.3727,2
6.6151,1.2956,2
5.846,1.6307,2
6.9862,1.4115,2
6.4614,1.5219,2
5.2451,1.346,2
7.8583,1.465,3
7.8183,3.9642,3
7.7249,0.97151,3
7.8336,0.46939,3
7.5818,1.365,3
7.7495,-1.5336,3
7.6393,-0.74359,3
7.7897,-1.0548,3
7.7969,-1.5828,3
7.7169,-1.3958,3
7.5943,1.0457,3
7.7611,-1.0021,3
7.5588,-1.2521,3
7.7924,-0.21016,3
7.7611,2.7963,3
7.8706,-1.3619,3
7.8731,0.59197,3
7.8457,-0.12337,3
7.7728,0.94034,3
7.7347,-0.54235,3
7.6873,-1.4806,3
7.782,-1.6175,3
7.6285,-1.1163,3
7.9406,0.59563,3
7.6239,-1.7365,3
7.7575,-0.6665,3
7.941,1.8659,3
7.6256,-1.1,3
7.7818,0.60078,3
7.9251,-0.79161,3
7.6633,-1.6665,3
7.6432,0.16313,3
7.6219,-0.30276,3
7.8497,-0.46687,3
7.7916,-1.448,3
7.787,0.3328,3
7.8266,2.0471,3
7.827,2.8404,3
7.756,-0.54108,3
7.8854,2.1056,3
7.8538,0.84338,3
7.7566,1.7138,3
7.6833,-1.6394,3
7.741,-1.0294,3
7.6728,2.0803,3
7.9646,1.7862,3
7.6371,-0.94258,3
7.6042,-0.47041,3
7.6503,2.6479,3
7.834,1.3724,3
7.5768,3.0868,3
7.8458,-0.98269,3
7.687,-1.1261,3
7.968,0.22917,3
7.6805,2.1801,3
7.7661,-0.39112,3
7.8045,0.34658,3
7.7806,-1.2484,3
7.6273,-1.3508,3
7.8471,-0.97971,3
7.8695,3.9099,3
7.7003,-0.055899,3
7.8091,-0.59973,3
7.6895,1.4653,3
7.7838,2.0238,3
7.7352,1.7122,3
7.7308,3.6639,3
7.7576,-0.5261,3
7.7598,1.3954,3
7.8665,-1.3256,3
7.6152,1.9754,3
7.6204,2.6228,3
7.7681,1.6069,3
7.8663,1.0216,3
7.7599,-1.5344,3
7.852,-0.52277,3
7.8244,1.9092,3
7.9314,1.8252,3
7.708,-0.95295,3
7.7467,-1.245,3
7.9605,1.0031,3
7.7689,2.6424,3
7.7193,-0.8959,3
7.7234,3.9815,3
7.6078,2.6906,3
7.6384,4.2715,3
7.8786,-0.24647,3
7.8599,4.4743,3
7.7383,0.40632,3
7.9375,-1.2498,3
7.8061,4.5638,3
7.7355,0.17784,3
7.6537,2.5325,3
7.7431,-0.92665,3
7.7784,1.6777,3
7.71,0.37369,3
7.8106,3.0962,3
7.7904,-1.5321,3
7.7292,1.3091,3
7.8565,-0.83566,3
7.6357,-1.8357,3
7.611,-0.25691,3
7.7812,-0.75108,3
7.8371,1.7106,3
7.711,-1.5232,3
7.9226,-1.637,3
7.6663,-0.85859,3
7.5402,-0.29201,3
7.7815,0.20212,3
7.7315,-0.66927,3
7.7832,0.59035,3
7.6093,3.1156,3
7.5816,1.8623,3
7.7844,-0.75317,3
7.7087,0.47272,3
7.7466,-1.6569,3
7.8604,-0.28614,3
7.5867,-0.82315,3
7.6624,-1.0935,3
7.86,4.6168,3
7.8313,2.5189,3
7.7593,4.1015,3
7.5759,2.9907,3
7.6709,-1.5608,3
7.7753,0.87052,3
7.5773,0.96746,3
7.8424,0.56833,3
7.7557,-1.2782,3
7.5603,3.606,3
7.5667,-1.0224,3
7.7415,0.25667,3
7.7423,0.50003,3
7.6455,3.9893,3
7.7297,-1.683,3
7.6415,1.9787,3
7.748,-1.4227,3
7.7839,0.082768,3
7.7898,-0.63933,3
7.9085,2.0185,3
7.7874,1.5025,3
7.7211,0.42634,3
7.7278,0.1492,3
7.7852,1.8097,3
7.7797,0.69723,3
7.7629,-1.0304,3
7.7437,0.5066,3
7.6168,2.6671,3
7.6318,-0.26912,3
7.8657,-0.030494,3
7.7661,-1.6488,3
7.5109,-1.403,3
7.9409,3.864,3
7.9131,1.1611,3
7.9727,-0.16078,3
7.6629,2.2753,3
7.7432,1.0356,3
7.6117,0.9332,3
7.839,1.2481,3
7.8727,-1.6991,3
7.7689,-0.27217,3
7.8532,-0.38272,3
7.6784,0.97359,3
7.69,-0.70592,3
7.9328,0.21907,3
7.7048,2.6594,3
7.6685,-1.5089,3
7.685,0.0069694,3
7.9711,-1.5194,3
7.6913,1.2339,3
7.7463,2.3339,3
7.768,-0.51368,3
7.9254,0.30265,3
7.6506,2.4823,3
7.8573,-1.4628,3
7.607,0.13705,3
7.7047,1.1652,3
7.6869,0.94067,3
7.8055,1.2345,3
7.7918,2.4648,3
7.7419,0.10912,3
7.683,-0.30852,3
7.697,-0.51015,3
7.7311,0.84812,3
7.9552,1.7038,3
7.8573,0.63305,3
7.6597,-0.83527,3
7.7009,2.0511,3
7.7421,-0.85493,3
7.8004,0.36751,3
7.8538,4.2819,3
7.6888,2.0589,3
7.769,0.61925,3
7.8308,2.465,3
7.654,-0.83058,3
7.8353,0.6085,3
7.6239,1.1092,3
7.6163,1.7994,3
7.9724,-0.92632,3
7.8036,0.77068,3
7.6432,1.8025,3
7.738,0.32073,3
7.8394,-1.5422,3
7.8796,-1.6182,3
7.7659,1.0418,3
7.7209,2.8708,3
7.5853,-0.21625,3
7.6805,-1.418,3
7.6881,3.1064,3
7.8038,1.4222,3
7.8121,-1.0084,3
7.6187,-0.95249,3
7.7951,-0.35596,3
7.9669,-0.13533,3
7.7688,0.75017,3
7.6771,-1.5575,3
7.7982,0.3352,3
7.6842,4.048,3
7.9093,0.82009,3
7.7437,2.7573,3
7.8066,-0.053726,3
7.8306,-1.4242,3
7.7108,3.6926,3
7.5863,1.9905,3
7.7711,-0.59143,3
7.6148,-0.59204,3
7.7181,-1.4298,3
7.8795,1.8946,3
7.9297,-1.3508,3
7.7741,-0.69073,3
7.7461,-0.31946,3
7.8573,-0.6368,3
7.76,-1.7129,3
7.5937,1.643,3
7.6598,2.9716,3
7.7422,-1.6068,3
7.8619,-1.1693,3
7.7343,0.79696,3
7.7278,1.2152,3
7.9652,-0.45628,3
7.6443,1.0549,3
7.7733,-0.4402,3
7.7035,-1.1515,3
7.8639,-0.53702,3
7.6694,0.097994,3
7.9019,-1.0466,3
7.7527,-0.49444,3
7.6932,-1.307,3
7.788,0.87183,3
7.713,-1.6707,3
7.6627,1.4656,3
7.7645,0.020831,3
7.7962,1.0834,3
7.8181,1.0983,3
7.6788,-0.18234,3
7.7568,-0.65642,3
7.7979,-1.5356,3
7.7577,3.2328,3
7.9011,0.17256,3
7.5842,0.028468,3
7.7164,-1.6279,3
7.6734,1.5178,3
7.7408,2.5974,3
7.6916,1.8138,3
7.5695,0.47124,3
7.6168,2.2743,3
7.847,-0.064577,3
7.7261,-0.13926,3
7.8989,1.5657,3
7.8882,0.34842,3
7.5396,0.69649,3
7.8542,-1.6823,3
7.875,2.5912,3
7.729,-1.4148,3
7.5993,1.1071,3
7.6308,0.59341,3
7.7405,1.3043,3
7.7642,-1.233,3
7.7339,-1.6529,3
7.8112,2.9221,3
7.7386,-0.73368,3
7.8655,-0.81558,3
7.5072,4.1723,3
7.8084,2.0889,3
7.6678,-1.7029,3
7.6911,-0.49399,3
7.6068,2.7834,3
7.9049,1.5669,3
7.6179,-1.3284,3
7.6444,0.98057,3
7.5321,-1.1256,3
7.7553,-0.82501,3
7.6912,-1.1772,3
7.7738,2.9644,3
7.5826,4.2591,3
7.8157,-0.99462,3
7.7504,-1.1132,3
7.7375,-1.0807,3
7.7792,2.4667,3
7.7585,-0.023544,3
7.9612,1.5597,3
7.71,-0.97525,3
7.7923,-0.85152,3
7.7343,-1.6489,3
7.6298,2.0829,3
7.7638,-0.86198,3
7.7558,-0.26323,3
7.7166,-1.7288,3
7.7579,-0.11128,3
7.7774,-0.42683,3
7.5929,-0.71132,3
7.6338,3.783,3
7.924,-1.3929,3
7.5983,-1.2052,3
7.6292,2.3392,3
7.829,-1.2939,3
7.728,-1.4651,3
7.831,-1.6261,3
7.8647,2.2851,3
7.7476,-0.97189,3
7.7484,-0.24047,3
7.7697,2.1474,3
7.6012,-1.3077,3
7.6989,-1.9037,3
7.8866,0.69006,3
7.7393,-0.2897,3
7.6652,-1.9087,3
7.7272,-0.50383,3
7.5961,-1.2701,3
7.6049,2.9197,3
7.6636,2.8521,3
7.7451,0.391,3
7.6044,0.55175,3
7.6713,3.6361,3
7.7214,0.50229,3
7.6245,3.4834,3
7.8913,-1.4517,3
7.6037,-1.5793,3
7.6225,1.1779,3
7.6143,0.041965,3
7.8406,-1.1897,3
7.734,1.661,3
7.5512,-0.94881,3
7.7461,-1.3029,3
7.6831,-1.375,3
7.9476,-0.68091,3
7.8493,-0.36519,3
7.708,0.062083,3
7.8299,0.51812,3
7.6605,-0.83368,3
7.7581,4.15,3
7.8872,-0.45032,3
7.7394,-0.15071,3
7.6502,2.24,3
7.9271,-0.29681,3
7.6957,-1.4388,3
7.7504,0.32569,3
7.7378,-1.5795,3
7.7374,-1.3828,3
7.899,-0.41456,3
7.8923,1.9443,3
7.7843,1.383,3
7.6336,0.58401,3
7.6675,-1.7273,3
7.7873,0.66169,3
7.6121,1.5289,3
7.6578,0.63942,3
7.6567,0.73365,3
7.6932,2.9014,3
7.5817,0.85364,3
7.8903,2.9223,3
7.5756,-1.3545,3
7.7416,3.8028,3
7.8351,1.4843,3
7.7236,-1.1536,3
7.8475,1.163,3
7.7493,3.3035,3
7.8717,1.1042,3
7.6809,1.0735,3
7.8611,-0.33823,3
7.9669,-1.038,3
7.7701,4.3792,3
7.788,-0.75267,3
7.8685,1.0072,3
7.864,-1.204,3
7.7996,-1.6752,3
7.8837,-0.096344,3
7.5764,0.50874,3
7.745,3.6081,3
7.6159,3.3973,3
7.9447,-0.83367,3
7.7206,3.5123,3
7.6693,1.1587,3
7.7736,1.2866,3
7.7065,-1.0755,3
7.6891,1.6196,3
7.8119,2.2039,3
7.8926,-1.1756,3
7.8249,1.2272,3
7.6805,3.5123,3
7.6467,2.0576,3
7.7039,-0.31072,3
7.8579,-1.4527,3
7.8321,-1.2589,3
7.6634,-0.97299,3
7.8179,-0.28021,3
7.7111,-0.084946,3
7.5369,-1.2108,3
7.9007,4.5394,3
7.7006,1.3164,3
7.7378,-0.13645,3
7.7947,1.5428,3
7.971,0.099119,3
7.8319,-0.3646,3
7.8563,0.6051,3
7.8209,-0.81917,3
7.5603,-0.55421,3
7.8354,-0.064406,3
7.7262,0.37409,3
7.7975,0.1346,3
7.8306,-0.98941,3
7.7659,0.049895,3
7.9501,2.4401,3
7.5934,4.2324,3
7.7625,-1.4744,3
7.7113,2.6005,3
7.8325,-0.9336,3
7.6466,-0.25706,3
7.7423,-0.82355,3
7.6359,0.8813,3
7.73,-0.5637,3
7.7653,-0.72138,3
7.7063,-0.69632,3
7.7774,-0.24898,3
7.8148,2.2604,3
7.7329,-1.0298,3
7.6371,0.29358,3
7.6763,-1.4125,3
7.9282,1.0824,3
7.7416,-0.424,3
7.6328,2.1853,3
7.5378,3.3088,3
7.7401,-0.77789,3
7.8246,-0.06707,3
7.8832,-1.3389,3
7.7285,-0.2299,3
7.6588,3.2613,3
7.9596,0.73341,3
7.6384,0.27378,3
7.8568,-1.1318,3
7.7119,0.18438,3
7.5652,4.5871,3
7.7224,1.9446,3
7.8155,-1.1523,3
7.7523,3.0481,3
7.7861,0.68317,3
7.6537,-0.64542,3
7.8342,0.40967,3
7.7003,-1.7522,3
7.8272,0.17521,3
7.7385,2.51,3
7.6218,-1.4334,3
7.6976,1.6313,3
7.7615,1.4289,3
7.5793,-0.098181,3
7.5979,-0.51048,3
7.8143,-1.5759,3
7.8927,-0.10127,3
7.7691,-0.46911,3
7.7473,-0.73257,3
7.651,-1.7992,3
7.6907,0.79229,3
7.8348,0.71091,3
7.7946,1.2002,3
7.7479,1.2768,3
7.6297,3.1723,3
7.8908,-0.31905,3
7.6368,-1.3145,3
7.8599,3.4071,3
7.7994,0.74578,3
7.5408,-0.9647,3
7.7615,-0.45651,3
7.5752,3.9542,3
7.6261,1.8125,3
7.754,4.2121,3
7.868,1.6171,3
7.6971,2.5209,3
7.8389,-0.84297,3
7.5712,0.86858,3
7.7701,1.7979,3
7.8763,-0.77276,3
7.9074,1.7538,3
7.6319,-1.2581,3
7.7838,-1.3612,3
7.6389,1.2072,3
7.7043,2.3009,3
7.7398,3.0086,3
7.8234,-1.0919,3
7.9083,1.6306,3
7.9039,2.9758,3
7.7203,-0.15292,3
7.6358,3.4805,3
7.6433,0.56814,3
7.6997,-0.52908,3
7.5524,-1.4167,3
7.8513,0.16181,3
7.6555,-0.87248,3
7.7179,1.691,3
7.6424,0.88906,3
7.7882,2.545,3
7.7802,1.4544,3
7.6092,0.13821,3
7.8357,-1.6021,3
7.726,-0.35765,3
7.7142,-1.1095,3
7.6561,2.5802,3
7.7378,2.2944,3
7.5561,-1.271,3
7.7314,-1.7175,3
7.9224,-0.42998,3
7.7403,2.4048,3
7.7565,0.63592,3
7.748,1.2616,3
7.9371,-1.8928,3
7.7707,-1.0753,3
7.5368,3.5534,3
7.6922,-0.92383,3
7.7786,-0.55274,3
7.676,0.012655,3
7.9111,-0.70689,3
7.8695,-1.1423,3
7.5897,1.3497,3
7.7209,0.14937,3
7.9068,4.5268,3
7.699,3.5331,3
7.83,-1.2889,3
7.8643,4.3691,3
7.6671,-1.0949,3
7.7471,-0.79028,3
7.5552,-0.11888,3
7.8307,0.93223,3
7.695,1.7029,3
7.8135,-0.10224,3
7.7458,-0.76083,3
7.6175,-1.3238,3
7.6917,-0.974,3
7.5792,1.5634,3
7.8393,0.17989,3
7.6043,0.12402,3
7.8376,-1.5822,3
7.8622,-1.4168,3
7.6333,-0.52242,3
7.5983,-0.46153,3
7.6726,0.62734,3
7.5817,-1.2468,3
7.7365,-0.059204,3
7.7005,2.4997,3
7.7377,2.2718,3
7.7601,2.3547,3
7.7865,-0.64309,3
7.6304,-1.068,3
7.7956,3.9511,3
7.8097,1.8223,3
7.7797,-1.3105,3
7.7402,-0.87645,3
7.7386,-1.6928,3
7.6392,-1.1577,3
7.5805,2.0022,3
7.8733,-1.3097,3
7.7368,-1.3971,3
7.7778,-1.0733,3
7.7061,1.2452,3
7.9747,-0.61843,3
7.886,-1.7433,3
7.7449,-0.4456,3
7.6208,1.3484,3
7.8992,1.1217,3
7.6417,1.0999,3
7.7097,-0.13803,3
7.8844,0.13016,3
7.5207,2.1419,3
7.8369,-1.6521,3
7.747,2.0356,3
7.7343,0.1841,3
7.6643,0.94246,3
7.7669,2.6423,3
7.6092,2.9281,3
7.6221,0.45144,3
7.7468,-0.72976,3
7.7654,-0.67876,3
7.6848,1.6143,3
7.6493,0.019986,3
7.7184,-1.2132,3
7.5979,0.6171,3
7.5973,3.2202,3
7.7439,-0.69168,3
7.8693,2.3386,3
7.6513,-0.58253,3
7.6584,0.45985,3
7.5904,1.5317,3
7.8217,1.5769,3
7.7228,-1.6327,3
7.8453,-0.88014,3
7.6198,0.31051,3
7.8751,2.0922,3
7.6474,-0.15325,3
7.9352,-1.4455,3
7.8239,-1.745,3
7.6491,-1.0136,3
7.7299,1.4451,3
7.6246,-0.97795,3
7.7326,2.8878,3
7.53,0.15061,3
7.601,2.9212,3
7.704,0.40174,3
7.7529,-1.249,3
7.8162,0.31394,3
7.843,-0.22947,3
7.8039,-1.3816,3
7.7109,0.25323,3
7.5842,-1.382,3
7.7731,-1.0526,3
7.806,-1.7618,3
7.7952,-0.070502,3
7.6127,-0.78384,3
7.711,3.3956,3
7.655,-1.5835,3
7.601,0.89815,3
7.7923,-0.57081,3
7.6944,2.416,3
7.548,1.2818,3
7.7133,1.6222,3
7.6638,0.78151,3
7.6604,2.66,3
7.6118,2.2772,3
7.7886,3.2285,3
7.5483,-0.51536,3
7.7685,-0.11588,3
7.7978,-0.47566,3
7.5381,-0.64306,3
7.6669,-1.6793,3
7.8212,3.5942,3
7.5207,-1.4231,3
7.6704,-0.029593,3
7.7912,-0.64062,3
7.7222,1.3825,3
7.6511,1.1237,3
7.6913,-0.22489,3
7.6205,0.22466,3
7.8029,0.42094,3
7.5144,1.5957,3
7.83,-1.4701,3
7.7079,-1.438,3
7.8912,-1.3237,3
7.6146,1.4084,3
7.8521,0.51804,3
7.8189,-1.4649,3
7.7403,2.1201,3
7.6788,1.9351,3
7.8401,3.2054,3
7.9053,-0.0021757,3
7.9034,-1.2429,3
7.7085,-1.7891,3
7.8059,2.0726,3
7.6623,-1.7231,3
7.7368,0.68,3
7.9693,-0.11836,3
7.5667,1.6496,3
7.79,1.2842,3
7.7472,2.8882,3
7.7125,-1.6791,3
7.8902,2.4059,3
7.8106,2.9141,3
7.6881,1.5592,3
7.9385,-0.4931,3
7.7343,2.7252,3
7.731,2.0273,3
7.5579,-1.2384,3
7.6958,0.39192,3
7.8022,1.952,3
7.583,-1.414,3
7.7965,0.61868,3
7.8966,0.71056,3
7.8188,-0.16385,3
7.793,0.11398,3
7.8541,2.8271,3
7.8896,-0.97221,3
7.7343,1.5656,3
7.6909,-1.2083,3
7.6186,4.3438,3
7.6843,-0.82485,3
7.6956,-0.43505,3
7.643,-1.0943,3
7.7893,-1.4109,3
7.7484,0.59618,3
7.924,1.3923,3
7.8458,-0.065995,3
7.7505,2.04,3
7.7531,-0.5159,3
7.5757,3.7045,3
7.755,0.12719,3
7.6735,1.2081,3
7.8658,1.8441,3
7.8592,1.2384,3
7.7546,-1.5054,3
7.7581,-0.19908,3
7.6308,-0.34331,3
7.7636,-0.13376,3
7.6701,-0.75216,3
7.8434,0.58,3
7.7718,2.3869,3
7.8313,2.6968,3
7.8302,-0.15336,3
7.9195,2.7753,3
7.8875,0.061319,3
7.8785,-0.66139,3
7.7757,-0.45456,3
7.8454,3.1699,3
7.7654,1.123,3
7.654,-0.38944,3
7.6522,-0.2002,3
7.7799,0.6117,3
7.9085,0.80528,3
7.7125,0.58232,3
7.7705,-1.4747,3
7.706,1.5869,3
7.6115,0.48285,3
7.8945,2.9248,3
7.6954,-1.0524,3
7.7117,1.2207,3
7.6954,-1.4095,3
7.7933,3.1945,3
7.7774,0.51325,3
7.7501,-0.2798,3
7.7495,1.0811,3
7.7319,-1.4941,3
7.6844,-1.1748,3
7.783,0.40152,3
7.895,0.61544,3
7.5978,0.029719,3
7.6383,0.016023,3
7.8161,1.9294,3
7.7159,-0.8607,3
7.7324,0.29413,3
7.7449,-1.8125,3
7.7478,-0.25461,3
7.5334,1.1083,3
7.7913,0.31985,3
7.7395,-1.5996,3
7.7039,-0.2146,3
7.7633,-0.29092,3
7.7626,2.2559,3
7.7847,0.0083674,3
7.7939,-0.67849,3
7.818,1.7243,3
7.8308,0.83175,3
7.9111,-1.1973,3
7.6737,1.7661,3
7.7772,-0.15707,3
7.766,-1.3505,3
7.5797,-1.085,3
7.7416,-0.63508,3
7.6959,0.48944,3
7.6517,0.45934,3
7.5515,-0.48059,3
7.8051,2.5087,3
7.8505,-0.62956,3
7.6988,1.4526,3
7.8015,-1.4606,3
7.8265,-0.39425,3
7.5967,-0.44387,3
7.7724,-1.3252,3
7.6831,2.2198,3
7.578,-0.45393,3
7.7582,1.8632,3
7.6733,-1.2501,3
7.7404,2.2726,3
7.8269,-0.63846,3
7.7444,-0.41988,3
7.647,-1.3246,3
7.9384,-0.9628,3
7.7266,0.289,3
7.85,-1.1203,3
7.7825,0.14547,3
7.5672,0.57817,3
7.692,-1.557,3
7.8139,1.8685,3
7.8657,-1.674,3
7.7446,0.50996,3
7.7941,1.6348,3
7.7796,0.040161,3
7.758,0.077676,3
7.6312,-0.36362,3
7.6499,-0.29939,3
7.6244,-0.2193,3
7.7414,-0.92712,3
7.6202,-0.23399,3
7.78,2.8646,3
7.6776,1.2266,3
7.5505,3.0325,3
7.8502,-1.8662,3
7.7502,1.4626,3
7.6115,0.38953,3
7.8812,0.26994,3
7.9071,-0.58233,3
7.7817,-0.55024,3
7.6458,1.4621,3
7.8145,3.4385,3
7.6464,-0.023687,3
7.814,-0.66978,3
7.9614,0.37676,3
7.6839,1.9415,3
7.6794,0.06226,3
7.8014,-1.5632,3
7.754,-1.2388,3
7.7833,0.95101,3
7.7214,1.9967,3
7.7149,-0.34629,3
7.7603,-1.5859,3
7.7778,-0.58366,3
7.8528,-1.5457,3
7.7084,0.029659,3
7.6959,-0.12727,3
7.7269,2.9794,3
7.684,2.7317,3
7.9348,-0.064781,3
7.7621,0.016858,3
7.7033,-0.79658,3
7.8241,1.2263,3
7.9557,0.91522,3
7.5447,2.755,3
7.7313,2.9674,3
7.6701,-1.1852,3
7.682,0.48981,3
7.7583,-0.79835,3
7.9493,3.1483,3
7.8623,-1.1156,3
7.6981,1.1785,3
7.8076,2.4911,3
7.7247,-0.77181,3
7.7384,0.011175,3
7.7171,0.29061,3
7.8546,-1.8933,3
7.7776,0.94859,3
7.545,-1.7547,3
7.7828,2.1712,3
7.7264,4.4944,3
7.8956,3.4962,3
7.5916,-0.0030285,3
7.8528,1.908,3
7.8276,0.46306,3
7.5986,3.278,3
7.9021,1.1358,3
7.6073,-1.0207,3
7.7754,-1.592,3
7.6611,-1.7099,3
7.8165,0.22586,3
7.838,-0.97981,3
7.7926,-0.43967,3
7.7952,-1.1293,3
7.7678,1.6368,3
7.7756,1.7061,3
7.6481,0.56688,3
7.8605,0.020964,3
7.8282,0.18985,3
7.8376,-0.82323,3
7.6758,0.83089,3
7.6884,1.7066,3
7.6013,0.91198,3
7.9234,0.72839,3
7.7714,-0.39834,3
7.7256,1.4215,3
7.6344,0.20757,3
7.866,1.3509,3
7.736,-1.8771,3
7.7762,2.3726,3
7.8588,0.46818,3
7.7862,-0.77394,3
7.8059,-0.056966,3
7.8604,0.1516,3
7.6114,3.0602,3
7.6195,1.036,3
7.7084,0.41564,3
7.9582,-1.2997,3
7.713,1.8721,3
7.7742,-0.48554,3
7.8787,2.7777,3
7.6631,-1.1238,3
7.7426,-1.1456,3
7.9365,-1.6098,3
7.9286,1.0949,3
7.6609,3.6673,3
7.5493,0.55072,3
7.6179,1.6748,3
7.6429,1.541,3
7.6325,-1.3669,3
7.8285,-0.86141,3
7.5952,0.13663,3
7.9173,0.080833,3
7.7411,-1.6027,3
7.8524,0.36079,3
7.7687,3.1453,3
7.5858,0.56802,3
7.9024,2.7687,3
7.7781,0.039231,3
7.6017,-1.2597,3
7.7945,-0.95149,3
7.7803,3.1293,3
7.704,0.82233,3
7.7265,-1.1182,3
7.8874,-1.4194,3
7.7971,-0.22537,3
7.5556,-0.70411,3
7.6755,0.82049,3
7.637,1.4773,3
7.8889,3.5517,3
7.8462,0.43859,3
7.5964,-0.37871,3
7.809,0.43137,3
7.7633,0.62167,3
7.706,-0.13197,3
7.5624,-0.8028,3
7.7628,-0.38638,3
7.8031,1.2825,3
7.8055,1.3971,3
7.8088,1.7841,3
7.9009,1.0506,3
7.7339,-0.027033,3
7.7877,-0.91893,3
7.6899,-0.60566,3
7.8091,-1.5195,3
7.7502,1.4858,3
7.6986,2.9157,3
7.7059,-1.4242,3
7.7422,-0.97964,3
7.5844,1.2972,3
7.8392,0.01211,3
7.7409,2.3527,3
7.589,2.3927,3
7.531,0.21087,3
7.704,-1.7537,3
7.6566,1.1962,3
7.7654,1.2256,3
7.5527,0.78965,3
7.7556,1.8121,3
7.7682,1.6881,3
7.7674,2.6783,3
7.5822,2.0013,3
7.708,3.0423,3
7.6214,0.74248,3
7.6827,1.8301,3
7.7946,-0.38974,3
7.7493,0.7195,3
7.8491,0.19604,3
7.87,2.1882,3
7.6327,2.237,3
7.7174,-0.18738,3
7.8356,-1.5645,3
7.7762,3.2477,3
7.808,-1.3138,3
7.9113,2.011,3
7.7714,-1.6606,3
7.8068,1.1189,3
7.6801,4.3079,3
7.563,2.5248,3
7.6938,-0.53045,3
7.88,1.6365,3
7.7083,0.75294,3
7.7362,3.8998,3
7.7985,-0.68783,3
7.7584,0.35944,3
7.8349,1.6626,3
7.5946,0.24715,3
7.9838,0.74916,3
7.6208,0.65493,3
7.6588,1.5372,3
7.7719,-0.92326,3
7.7186,2.7643,3
7.8994,1.3861,3
7.7283,-1.4148,3
7.9294,1.9696,3
7.8323,1.8876,3
7.797,0.30345,3
7.8979,2.1731,3
7.7825,3.9606,3
7.8979,3.9518,3
7.6568,2.6733,3
7.7635,2.6112,3
7.7399,1.2902,3
7.7183,-1.6969,3
7.6231,2.7024,3
7.5117,-0.15419,3
7.8271,-0.7874,3
7.6678,0.50198,3
7.7382,2.6137,3
7.6386,0.8676,3
7.8552,0.55865,3
7.6797,3.0789,3
7.8594,2.409,3
7.6189,1.6535,3
7.8701,-0.69232,3
